transaction_id,account_id,date,amount,type,merchant_id
371f3221,14332485,2024-10-21T11:09:30.610+07:00,495.58,DEBIT,86041576
4ddb487b,6a290284,2024-11-11T18:39:06.315+07:00,220.27,DEBIT,66020d54
3e967c28,762678c1,2024-06-19T12:41:48.151+07:00,144.83,CREDIT,8724f3ee
970fdb19,efd2f050,2024-03-27T05:31:26.002+07:00,143.95,CREDIT,848c66f3
30f96042,b5353851,2023-09-20T12:30:30.297+07:00,345.81,CREDIT,3fc071a8
b9cc4bab,e5122086,2023-09-17T01:45:07.861+07:00,402.72,CREDIT,24d53cba
081f3e2a,762678c1,2023-09-29T19:00:29.805+07:00,221.96,CREDIT,fa2ce6cb
52d9b760,13345f91,2024-03-09T01:27:01.631+07:00,126.38,CREDIT,c12929e6
43e32048,e05ad7ee,2023-03-13T13:17:40.102+07:00,126.9,CREDIT,fa2ce6cb
d7f1a409,f927ced7,2024-06-11T09:17:24.085+07:00,376.01,DEBIT,2c4123fb
6c43fa17,15287fdc,2023-04-05T20:02:20.161+07:00,385.28,CREDIT,66a5fec6
a2fdf851,6b7cf312,2023-06-29T01:14:14.984+07:00,279.7,CREDIT,24d53cba
c5c37472,4ca2a46b,2023-04-06T09:50:11.871+07:00,245.5,DEBIT,aca2ee9d
d75bb705,3320d93a,2024-08-20T13:05:52.072+07:00,341.01,DEBIT,472abbc8
55939943,5d5e3fd8,2023-07-18T05:48:03.664+07:00,76.65,DEBIT,7a230df6
2847a7e7,6bac6579,2022-12-27T01:46:23.545+07:00,42.57,DEBIT,24d53cba
f0d0f0e0,e27bf7b3,2023-06-04T09:34:50.897+07:00,115.5,CREDIT,7615700f
f05bede5,b714d8df,2024-10-11T12:05:51.308+07:00,40.9,DEBIT,aca2ee9d
cc0e1b69,0e2aa613,2024-04-02T00:47:50.522+07:00,317.4,DEBIT,d32f5f25
9fa6db5f,35a99d2e,2023-09-06T02:18:27.041+07:00,410.63,DEBIT,66020d54
5b52f7e5,863dd868,2024-01-16T22:24:17.299+07:00,455.92,DEBIT,e68805f0
236390be,ee698173,2024-04-11T10:31:01.970+07:00,167.59,CREDIT,90e33d75
e7e9a361,e0e68124,2023-03-05T06:31:27.037+07:00,272.23,CREDIT,a1b35095
e9d6fc17,9e626087,2024-04-07T18:15:46.136+07:00,315.33,CREDIT,c0835974
65e0a882,cb0620b3,2024-06-28T22:33:29.761+07:00,265.62,DEBIT,91e65669
f2a6ba46,cbbbc638,2023-04-09T10:54:04.126+07:00,448.56,DEBIT,d16d28f7
b42459b0,b8e3bec2,2023-11-23T01:59:05.411+07:00,182.63,DEBIT,cee2da88
20309c45,4ea84515,2023-06-09T08:12:17.952+07:00,465.9,DEBIT,e9f725a2
586597f7,4ea84515,2023-05-23T19:55:07.771+07:00,72.51,CREDIT,5f237fd7
bcf66e08,b8e3bec2,2024-11-10T03:13:30.499+07:00,292.75,CREDIT,a309543a
cdb6e6fc,5198639a,2024-08-09T11:25:47.148+07:00,181.42,DEBIT,3017740f
300763d9,75fd2c01,2023-05-06T03:33:51.638+07:00,194.78,CREDIT,a1b35095
d27139aa,3320d93a,2023-01-19T18:17:43.859+07:00,465.72,CREDIT,f810fe58
da480b60,e2cc7f24,2024-04-08T01:01:00.215+07:00,89.09,DEBIT,24d53cba
5b09dc2a,15287fdc,2023-07-18T05:07:33.436+07:00,308.3,CREDIT,d32f5f25
5278e7e2,a2d122e7,2023-01-27T17:36:22.722+07:00,123.74,DEBIT,cee2da88
ab339008,05fb943c,2023-09-21T18:22:17.079+07:00,354.47,DEBIT,3fc071a8
34d0a767,200cac66,2023-01-26T22:41:37.643+07:00,89.4,CREDIT,ea15471e
6ad8301b,dbed9d2b,2023-05-19T16:10:04.153+07:00,395.89,DEBIT,10d2aaf9
698d1307,c716b233,2023-07-13T02:30:13.311+07:00,194.74,DEBIT,da747605
421c37ed,a0e0af59,2024-01-02T03:04:59.041+07:00,469.17,DEBIT,da747605
e26d819d,83e43264,2024-04-22T12:33:14.311+07:00,249.54,CREDIT,4a34dbe7
fd72171d,f209c789,2024-11-26T08:15:12.234+07:00,12.09,DEBIT,fa2e7c66
c9269a6c,14332485,2024-06-30T03:41:34.186+07:00,169.83,DEBIT,9f3a5c1a
d195d6d4,09bfee82,2023-01-12T03:02:42.372+07:00,336.21,DEBIT,666f6ba9
44abc99e,b69fbb70,2024-04-02T19:30:34.772+07:00,76.34,DEBIT,2de2fb3d
185c28e1,2952e248,2023-06-16T17:17:13.648+07:00,393.77,CREDIT,fa2ce6cb
0c48dfd2,55e39723,2024-08-03T12:20:20.276+07:00,335.05,DEBIT,65e24620
6aca2205,472dc831,2023-07-23T11:13:41.121+07:00,23.75,DEBIT,2c4123fb
14b71d36,9983a5a2,2024-03-29T06:38:36.066+07:00,479.27,DEBIT,a309543a
174a2285,32fd32f2,2023-02-27T13:45:51.176+07:00,358.06,DEBIT,21563bba
3214411f,f927ced7,2023-09-25T17:27:24.081+07:00,469.31,CREDIT,848c66f3
6223928f,d1a0e71c,2024-09-09T04:23:02.040+07:00,421.56,DEBIT,91e65669
4191ba4b,215ce6bd,2024-10-12T18:13:29.138+07:00,389.28,DEBIT,844693ac
6a21cd4d,6559cf71,2024-08-17T22:01:42.890+07:00,145.29,CREDIT,2de2fb3d
a6271058,ebea35ad,2024-03-29T20:15:16.106+07:00,227.59,DEBIT,c0835974
c9a2dec1,3e7b6a86,2023-05-14T15:39:37.461+07:00,251.36,CREDIT,7a230df6
637156fb,9f271a30,2023-11-25T22:05:10.133+07:00,161.14,DEBIT,844693ac
f3bff7e1,05fb943c,2023-03-18T12:17:06.843+07:00,65.92,CREDIT,c0835974
bd07503d,6559cf71,2024-04-18T00:34:26.106+07:00,107.31,DEBIT,666f6ba9
37d23db3,9f271a30,2023-10-11T08:40:53.064+07:00,375.9,DEBIT,a1b35095
dd42ddaa,35a99d2e,2024-06-06T05:27:58.148+07:00,23.53,DEBIT,91e65669
ada8b1cd,7e263c5b,2024-02-14T14:39:25.731+07:00,406.38,DEBIT,cee2da88
2590db74,8034daa3,2023-05-18T09:40:18.010+07:00,263.63,DEBIT,91e65669
3fb16970,c716b233,2023-05-17T01:01:37.342+07:00,485.99,DEBIT,da6c643d
a966d543,986ecd10,2023-04-28T11:48:12.558+07:00,40.26,DEBIT,c0835974
a180d84c,8177da3a,2024-09-11T04:27:05.719+07:00,446.53,CREDIT,10d2aaf9
cf6f0d0d,0e2aa613,2023-11-12T21:33:57.819+07:00,173.92,CREDIT,21563bba
11bbc988,15287fdc,2023-03-12T20:36:54.928+07:00,337.67,CREDIT,65e24620
cd51c9ea,0f808f0e,2024-09-20T17:08:31.306+07:00,54.45,CREDIT,9f3a5c1a
4d257df7,01022575,2024-08-31T09:46:12.901+07:00,165.58,CREDIT,21563bba
a8ac4627,ee698173,2023-02-18T21:06:26.043+07:00,223.96,DEBIT,a44f000c
f9ac138f,1e32d28e,2023-10-07T06:41:56.113+07:00,64.63,DEBIT,666f6ba9
9caa5f96,d38d00cf,2024-09-30T23:45:37.759+07:00,58.19,DEBIT,fa2ce6cb
1d798585,9efcedc5,2023-02-27T18:51:48.771+07:00,304.27,CREDIT,24d53cba
4dd35882,adb72718,2024-05-20T16:33:22.255+07:00,385.47,CREDIT,9f3a5c1a
315edb3f,f9aeee36,2024-08-24T16:31:44.133+07:00,371.8,CREDIT,c0835974
84acf856,c55d411f,2023-02-09T15:10:58.567+07:00,281.04,CREDIT,24d53cba
963520df,53ebba78,2023-05-06T05:01:40.510+07:00,161.08,DEBIT,472abbc8
b27391c1,0617ec88,2023-04-05T07:40:58.743+07:00,364.96,DEBIT,a309543a
1fb28c45,d721ff46,2024-05-29T17:08:10.355+07:00,63.32,CREDIT,cee2da88
a1d2f423,bb40caef,2024-09-11T21:27:53.055+07:00,302.15,DEBIT,66020d54
9c699cc6,3e7b6a86,2023-08-01T17:50:17.314+07:00,108.25,DEBIT,b30db867
caa6b60e,55e39723,2023-09-08T07:02:32.857+07:00,299.89,DEBIT,66a5fec6
9cb01daa,d0fbbb99,2023-10-31T16:44:57.456+07:00,425.1,DEBIT,848c66f3
dfb7a38c,e91cd522,2024-09-14T00:41:04.162+07:00,85.56,DEBIT,e9b973b7
33bf98df,53ebba78,2023-06-22T08:43:44.017+07:00,50.51,DEBIT,86041576
4fa386d2,bbd420fb,2023-07-25T16:26:44.674+07:00,314.52,DEBIT,2de2fb3d
e986bce3,09bfee82,2023-03-03T04:00:34.286+07:00,116.4,CREDIT,5f237fd7
07de25e9,3413b48b,2024-04-07T08:16:29.243+07:00,226.21,CREDIT,3fc071a8
7e1c3493,dbed9d2b,2023-04-09T13:49:28.834+07:00,254.79,DEBIT,472abbc8
2fa5d3f5,da3a79b2,2023-03-09T18:21:28.480+07:00,26.94,DEBIT,a44f000c
3c76cd3c,ba429d95,2023-03-16T14:35:07.906+07:00,213.45,DEBIT,b30db867
159a9b5e,da3a79b2,2023-02-17T20:25:44.036+07:00,119.81,DEBIT,90e33d75
1ad1f88f,f209c789,2024-12-09T12:33:32.914+07:00,190.4,CREDIT,c0835974
eab8337d,a0e0af59,2023-01-10T08:50:47.579+07:00,95.19,DEBIT,472abbc8
ad545147,9e626087,2024-02-10T15:47:09.421+07:00,370.34,CREDIT,aca2ee9d
d00ead70,6559cf71,2024-05-25T06:16:26.184+07:00,54.02,DEBIT,844693ac
9a547547,836804b4,2024-05-06T15:14:56.017+07:00,199.35,CREDIT,3fc071a8
6bd79e73,9e626087,2023-05-16T01:33:11.480+07:00,279.78,DEBIT,666f6ba9
e8af5fa6,e27bf7b3,2023-06-01T13:03:04.863+07:00,393.97,DEBIT,fa2ce6cb
9757fa21,4aeaf516,2023-07-08T09:43:23.758+07:00,9.87,DEBIT,10d2aaf9
72ad59d6,836804b4,2023-09-10T23:16:12.575+07:00,499.84,DEBIT,848c66f3
97a691c8,bb0edd72,2024-08-25T16:10:13.200+07:00,217.5,CREDIT,b30db867
d3f7ba93,ee23586d,2023-06-25T12:56:38.165+07:00,220.06,CREDIT,e9b973b7
3c13ecde,b714d8df,2023-03-14T23:57:13.744+07:00,368.09,CREDIT,ea15471e
58abfdaa,61e90f28,2023-04-12T06:29:59.914+07:00,196.36,CREDIT,66020d54
6356e2f2,01022575,2024-06-03T08:43:13.042+07:00,369.06,DEBIT,666f6ba9
063bcfcf,d721ff46,2023-04-04T12:27:52.506+07:00,136.53,DEBIT,da747605
b3738c1f,3e7b6a86,2023-05-04T05:57:06.529+07:00,425.42,CREDIT,65e24620
639abb26,cff04cf0,2024-06-29T00:41:31.537+07:00,169.16,DEBIT,a309543a
44838e84,d0fbbb99,2022-12-19T13:49:29.886+07:00,22.04,DEBIT,a309543a
cfc7cac0,abbc74a5,2024-10-31T10:31:07.362+07:00,262.49,DEBIT,da747605
0999fc75,6a290284,2023-01-24T10:26:11.324+07:00,412.55,DEBIT,b30db867
327daed7,0617ec88,2023-07-10T22:36:11.419+07:00,30.76,DEBIT,a309543a
277ca29c,09bfee82,2023-06-12T01:27:55.391+07:00,170.17,DEBIT,e9f725a2
8b34fa25,13345f91,2023-05-23T20:41:14.586+07:00,495.22,CREDIT,cee2da88
570c0518,e4b1c0b2,2023-05-06T07:31:11.881+07:00,207.22,DEBIT,f810fe58
e5053199,836804b4,2024-02-20T21:04:53.066+07:00,62.24,DEBIT,3e88b9f3
3331b9f8,e045e3ba,2024-09-04T02:13:10.607+07:00,213.06,DEBIT,86041576
ff3eb9f0,dab6ff24,2024-01-26T01:01:52.141+07:00,33.06,CREDIT,24d53cba
3c2cdc5c,3413b48b,2024-07-12T21:04:30.845+07:00,170.94,CREDIT,bceaddae
a933ddd3,cbbbc638,2024-09-19T15:40:13.314+07:00,258.46,CREDIT,7a230df6
154aecee,c5935daa,2023-05-14T06:50:28.273+07:00,191.1,CREDIT,e9f725a2
be0ac55b,13345f91,2024-01-29T07:43:47.253+07:00,208.09,DEBIT,848c66f3
dceba38e,2f2c8cf0,2024-09-20T05:37:34.739+07:00,337.33,CREDIT,da6c643d
5385f496,7e263c5b,2023-09-28T11:19:14.322+07:00,276.62,CREDIT,8724f3ee
5e2a9514,b8569866,2024-10-05T07:16:22.508+07:00,227.29,CREDIT,91e65669
7e4f5465,7e211b04,2023-12-10T12:55:18.233+07:00,144.66,CREDIT,ea15471e
5ac564a3,ba429d95,2023-02-21T17:48:07.543+07:00,145.05,CREDIT,da6c643d
f643e2b3,53ebba78,2024-08-04T05:57:37.536+07:00,166.4,CREDIT,e9b973b7
2fa772e1,0e2aa613,2024-03-18T08:35:34.361+07:00,260.99,CREDIT,a1b35095
82dcc81f,4b69e51a,2024-04-18T19:09:46.857+07:00,210.55,DEBIT,da6c643d
c79ec357,472dc831,2023-07-16T06:43:58.589+07:00,341.71,DEBIT,3017740f
44027392,99a94e4f,2024-06-28T05:16:20.092+07:00,169.41,CREDIT,ec61d128
a81095ba,61e90f28,2024-07-13T23:20:26.857+07:00,256.93,DEBIT,2c1098d6
b2b7f23f,e91cd522,2023-09-09T09:33:09.707+07:00,438.67,CREDIT,3017740f
72d4ab71,efd2f050,2023-07-11T01:59:10.581+07:00,43.43,DEBIT,a44f000c
d9a859ae,35a99d2e,2023-01-23T15:28:08.240+07:00,220.68,CREDIT,ea15471e
7be64a89,ae973d2f,2024-03-01T00:54:56.021+07:00,478.21,DEBIT,5f237fd7
f063eb2e,3320d93a,2023-07-06T15:58:02.737+07:00,449.61,DEBIT,aca2ee9d
847106db,00a572a7,2023-02-24T13:48:58.384+07:00,68.7,CREDIT,d32f5f25
a7989a2c,8034daa3,2024-11-09T15:55:34.797+07:00,14.93,DEBIT,7615700f
fea729e3,6ac3fdd1,2024-07-06T05:17:12.455+07:00,113.6,DEBIT,da747605
5d3a8500,a15b6b49,2023-04-18T13:05:46.331+07:00,425.14,CREDIT,d32f5f25
87d700fb,0f808f0e,2023-07-14T04:59:46.191+07:00,449.94,DEBIT,66020d54
b46a505c,d6451756,2023-04-17T14:58:32.197+07:00,129.74,DEBIT,8724f3ee
4d1d3b98,0f808f0e,2024-12-03T18:55:31.757+07:00,229.15,CREDIT,844693ac
422238ba,b8569866,2023-08-05T11:57:29.872+07:00,402.86,DEBIT,a1b35095
4752cc76,c5935daa,2023-04-29T15:35:01.600+07:00,165.53,CREDIT,90ba1694
95bb7edf,ee698173,2023-07-12T15:07:16.982+07:00,497.57,DEBIT,2c1098d6
c98b7db5,6ac3fdd1,2023-03-21T12:29:45.153+07:00,179.64,CREDIT,86041576
846c5622,ef785919,2024-10-22T23:42:51.833+07:00,235.41,CREDIT,65e24620
7bb30b12,a02c03e6,2024-05-27T02:31:42.809+07:00,219.81,DEBIT,c0835974
7a4a97b6,91c8b0e7,2024-02-01T11:30:24.252+07:00,164.85,CREDIT,f810fe58
b36df947,e05ad7ee,2024-03-18T20:54:27.978+07:00,478.59,CREDIT,65e24620
eb08b3b5,1d2124a5,2023-07-10T07:07:21.746+07:00,11.87,DEBIT,24d53cba
1c9ad050,6a290284,2023-01-26T09:36:33.398+07:00,372.16,CREDIT,7a230df6
0b7a67f2,4b69e51a,2024-04-16T16:37:13.683+07:00,286.8,CREDIT,da747605
917c9372,f108202c,2023-11-30T21:31:32.034+07:00,403.98,CREDIT,5f237fd7
ce70d24a,986ecd10,2023-06-28T17:20:33.388+07:00,33.8,DEBIT,e68805f0
e114a313,ef785919,2024-05-28T20:19:43.938+07:00,40.81,DEBIT,10d2aaf9
1ce2be10,17d87014,2023-12-24T09:25:32.410+07:00,377.26,DEBIT,21563bba
cdb56fc4,b69fbb70,2023-03-13T03:23:05.158+07:00,209.08,CREDIT,24d53cba
366e2ab0,cfded30e,2024-12-10T13:19:59.028+07:00,125.87,DEBIT,90e33d75
8c6491b5,f35c7234,2023-01-04T14:22:54.954+07:00,453.45,DEBIT,5f237fd7
153287b8,86e6b20a,2024-10-21T06:23:03.953+07:00,278.47,CREDIT,5f237fd7
0c302b79,ae973d2f,2024-07-19T17:27:11.090+07:00,125.08,DEBIT,d16d28f7
36127ebf,46f749bf,2023-02-25T12:18:35.117+07:00,397.29,CREDIT,d16d28f7
4085e7f0,3bbc5650,2023-11-07T11:34:57.903+07:00,341.54,CREDIT,7a230df6
995f5ab3,efd2f050,2022-12-28T01:49:23.986+07:00,416.13,CREDIT,d16d28f7
1bb46ad7,b714d8df,2024-09-01T13:22:01.757+07:00,42.38,CREDIT,21563bba
305b163f,99a94e4f,2024-03-23T19:43:27.110+07:00,127.88,DEBIT,cee2da88
30372898,a15b6b49,2023-05-09T07:04:58.390+07:00,473.87,DEBIT,d32f5f25
cf3588ea,a2d122e7,2024-07-23T03:45:06.807+07:00,73.2,DEBIT,90e33d75
596dcd4f,5e987a10,2024-04-19T18:54:17.195+07:00,320.27,CREDIT,cee2da88
bf1546b9,10001ef5,2024-02-12T20:56:36.069+07:00,64.29,DEBIT,2c1098d6
ebd22c48,8a93f263,2024-11-18T11:56:34.330+07:00,444.45,DEBIT,aca2ee9d
864d086c,bb0edd72,2023-11-07T03:23:56.772+07:00,312.86,DEBIT,ea15471e
f35eb369,05fb943c,2023-07-20T21:19:13.158+07:00,29.08,CREDIT,90ba1694
7ac30527,6b02b732,2024-07-19T04:02:55.787+07:00,170.45,DEBIT,bceaddae
557c9a75,b5353851,2024-03-23T04:45:38.584+07:00,464.25,DEBIT,4a34dbe7
1573fa79,91c8b0e7,2024-03-08T01:01:27.901+07:00,316.54,DEBIT,91e65669
d4a5e0d4,6ee70f96,2023-01-09T03:53:30.251+07:00,26.41,CREDIT,009a6b1f
9925f799,d6451756,2023-02-10T04:31:18.592+07:00,71.43,CREDIT,cee2da88
f199f54a,f209c789,2024-03-02T15:11:24.803+07:00,54.73,CREDIT,ea15471e
87e85856,0617ec88,2024-06-03T09:19:18.549+07:00,338.49,CREDIT,3fc071a8
641b0276,337bcc65,2022-12-18T15:18:32.885+07:00,317.99,CREDIT,91e65669
e46fd8f0,d119d5c6,2024-11-10T10:43:01.704+07:00,383.88,CREDIT,a1b35095
c7e322e7,07ff77b1,2024-09-06T18:13:22.520+07:00,43.47,CREDIT,cee2da88
f5a13a7d,f9aeee36,2023-04-27T11:43:36.976+07:00,144.37,DEBIT,da747605
9ba563cb,d38d00cf,2023-12-31T13:52:33.690+07:00,435.73,CREDIT,009a6b1f
0b620cc3,01022575,2024-05-28T21:22:02.944+07:00,284.96,DEBIT,b30db867
a9138800,00a572a7,2024-02-17T20:28:26.457+07:00,442.86,CREDIT,cee2da88
e52d7628,863dd868,2024-04-25T13:53:06.628+07:00,153.61,DEBIT,e9f725a2
b30ba438,99a94e4f,2023-09-06T00:46:21.820+07:00,474.13,DEBIT,b30db867
74272de4,35a99d2e,2024-04-20T06:05:22.609+07:00,212.25,DEBIT,90e33d75
4b5d8449,e05ad7ee,2023-09-27T13:59:19.759+07:00,224.53,CREDIT,91e65669
153544dc,c5935daa,2023-04-24T00:38:51.841+07:00,144.86,DEBIT,da747605
29a61dee,83e43264,2023-08-20T12:13:33.013+07:00,408.67,DEBIT,c12929e6
94f1fc9b,8cf86d63,2023-12-11T04:06:31.772+07:00,108.62,CREDIT,90ba1694
19a6e721,a15b6b49,2024-08-13T13:18:41.074+07:00,169.73,CREDIT,a309543a
e123371c,e05ad7ee,2023-04-20T06:09:58.021+07:00,286.57,DEBIT,e68805f0
e5ee99f3,9efcedc5,2023-09-19T02:19:31.119+07:00,216.9,CREDIT,90e33d75
09bba8bd,3320d93a,2023-11-30T04:43:15.260+07:00,176.87,DEBIT,da747605
f32342ad,e91cd522,2023-11-07T15:10:16.187+07:00,212.3,CREDIT,2c1098d6
94ffc10e,bb40caef,2023-01-12T03:49:16.084+07:00,415.61,DEBIT,f810fe58
1b16a6d6,d6451756,2024-11-13T09:45:42.905+07:00,151.48,CREDIT,fa2e7c66
0c9510f3,b8e3bec2,2024-09-15T21:07:06.286+07:00,120.17,DEBIT,666f6ba9
f00376da,e045e3ba,2024-10-20T14:29:26.701+07:00,449.12,CREDIT,2c4123fb
9889d722,d6451756,2024-08-21T18:21:03.557+07:00,190.34,DEBIT,fa2e7c66
58df31a2,1d2124a5,2024-11-06T17:36:45.037+07:00,276.05,CREDIT,0351f38d
cf2e1410,14332485,2023-08-17T16:37:09.082+07:00,438.6,CREDIT,3017740f
a688cb1b,f9aeee36,2024-03-06T10:09:37.662+07:00,273.82,CREDIT,2de2fb3d
304ca136,3ab6c50f,2024-03-29T13:34:54.303+07:00,25.03,CREDIT,a309543a
60095e36,a7e3e832,2023-05-17T00:22:15.862+07:00,489.64,DEBIT,e9f725a2
281090c0,75fd2c01,2024-12-08T13:46:28.120+07:00,159.73,DEBIT,da6c643d
d725b028,ee698173,2023-04-19T04:54:27.737+07:00,142.69,CREDIT,2c4123fb
b030d69b,c55d411f,2024-06-04T07:54:12.921+07:00,92.43,DEBIT,91e65669
b3b00765,bbd420fb,2023-06-26T03:50:32.189+07:00,268.77,DEBIT,10d2aaf9
394ef842,6bac6579,2023-02-15T01:36:30.465+07:00,401.89,CREDIT,65e24620
3ed32c2a,35a99d2e,2024-05-14T13:34:00.325+07:00,339.56,CREDIT,666f6ba9
a26a1d3c,6c885c73,2024-10-31T01:21:59.233+07:00,131.16,DEBIT,66a5fec6
6dd04ab1,09bfee82,2023-01-28T11:09:42.804+07:00,482.43,CREDIT,21563bba
e7fc964e,215ce6bd,2023-06-13T13:32:10.667+07:00,362.13,CREDIT,90ba1694
b75aeba6,b69fbb70,2023-03-09T04:11:25.334+07:00,468.04,CREDIT,7615700f
908a5488,d5598fe2,2024-12-08T18:53:46.460+07:00,156.48,CREDIT,ea15471e
6c2b9693,3320d93a,2023-07-30T06:09:00.352+07:00,162.56,CREDIT,90e33d75
cd105c3a,e7f7dd37,2024-10-29T08:21:47.294+07:00,407.1,CREDIT,90ba1694
36effa6b,61e90f28,2023-09-27T07:30:39.216+07:00,344.96,DEBIT,c12929e6
baf876a7,c5a13fca,2024-09-05T07:01:45.432+07:00,424.07,CREDIT,ec61d128
05fbe6a7,6242b7fa,2023-01-17T22:06:47.383+07:00,228.98,DEBIT,fa2ce6cb
800836c4,b8569866,2023-05-17T17:50:33.404+07:00,460.83,CREDIT,666f6ba9
fe029fc6,e5122086,2024-02-01T03:39:37.185+07:00,289.86,CREDIT,a1b35095
dfeabde2,ed1bc63d,2023-03-26T22:59:08.375+07:00,151.97,DEBIT,29797128
86090d73,34c70067,2023-01-13T14:38:24.722+07:00,240.6,DEBIT,66020d54
870000e5,1d2124a5,2023-06-17T13:29:21.823+07:00,380.19,CREDIT,472abbc8
a9146f47,9814829e,2023-09-26T12:03:40.477+07:00,133.45,DEBIT,90e33d75
601b0730,2952e248,2024-07-31T06:30:04.629+07:00,471.87,CREDIT,a44f000c
f584302c,e2cc7f24,2023-02-14T23:40:50.529+07:00,303.76,DEBIT,ea15471e
5b8a9e9d,641fe64b,2024-06-07T16:59:09.157+07:00,446.64,DEBIT,fa2ce6cb
7178f453,9f271a30,2023-10-10T11:47:19.377+07:00,215.91,DEBIT,b30db867
315362bf,adb72718,2023-10-12T09:02:38.208+07:00,75.19,CREDIT,cee2da88
39bda477,87723bbb,2022-12-24T22:59:58.336+07:00,170.37,CREDIT,666f6ba9
47ece82b,9e626087,2024-01-06T22:30:48.753+07:00,475.59,CREDIT,3e88b9f3
bbfbb485,e045e3ba,2024-11-21T15:44:39.811+07:00,399.06,DEBIT,24d53cba
d73a32e8,9983a5a2,2023-06-01T16:18:47.071+07:00,273.47,DEBIT,2c4123fb
6241e824,75fd2c01,2024-09-21T19:48:33.354+07:00,57.45,CREDIT,d16d28f7
bffbf7e8,986ecd10,2023-06-09T01:48:47.986+07:00,361.16,DEBIT,5f237fd7
f5441415,9f271a30,2024-05-14T13:52:33.212+07:00,76.97,CREDIT,21563bba
b6b297d5,6a290284,2024-03-20T02:35:55.082+07:00,140.73,DEBIT,ec61d128
0cafec47,337bcc65,2024-05-05T13:11:27.622+07:00,74.0,DEBIT,2c4123fb
fc15a2e2,ee698173,2023-10-05T23:25:09.782+07:00,333.85,DEBIT,844693ac
a18527d4,6a290284,2023-05-02T04:56:09.993+07:00,446.91,CREDIT,e68805f0
e225b902,e91cd522,2023-08-07T22:24:23.735+07:00,154.62,CREDIT,844693ac
c6c68b4c,e5122086,2023-10-11T07:21:23.325+07:00,377.31,DEBIT,472abbc8
38f56815,ba429d95,2023-04-24T22:49:21.124+07:00,430.41,DEBIT,d16d28f7
233542fa,9814829e,2023-07-14T05:16:49.248+07:00,359.75,CREDIT,90e33d75
fc854255,e4b1c0b2,2023-08-14T14:25:28.836+07:00,491.69,CREDIT,29797128
dccb4a83,4574f371,2023-05-29T20:31:13.938+07:00,234.58,DEBIT,aca2ee9d
e4cf7086,01022575,2023-07-16T09:23:13.470+07:00,137.55,CREDIT,009a6b1f
98d9cb06,215ce6bd,2024-08-20T01:26:55.197+07:00,309.11,DEBIT,e9b973b7
c37cb770,d721ff46,2023-11-14T19:04:33.847+07:00,232.6,DEBIT,fa2e7c66
c5182ad1,a2d122e7,2023-04-08T08:45:34.727+07:00,355.17,DEBIT,d32f5f25
4f5e2030,bb40caef,2024-11-24T12:48:16.966+07:00,147.83,CREDIT,2de2fb3d
b8844138,87723bbb,2023-08-23T12:20:58.661+07:00,483.7,CREDIT,bceaddae
d6c79b9f,dbed9d2b,2024-10-30T12:03:16.842+07:00,47.63,CREDIT,3fc071a8
833612c1,3320d93a,2024-03-17T16:49:49.191+07:00,360.01,CREDIT,7615700f
d432f8a3,6b02b732,2024-10-26T00:29:20.163+07:00,464.92,CREDIT,ec61d128
d7e65ead,4ca2a46b,2024-04-15T15:00:30.717+07:00,107.57,CREDIT,e68805f0
1fc86df1,1e32d28e,2024-08-10T12:26:47.406+07:00,6.45,DEBIT,da747605
cb19f2d9,b8e3bec2,2024-08-29T16:02:02.965+07:00,254.35,DEBIT,29797128
6f7893a4,b5353851,2023-06-11T09:35:29.783+07:00,253.83,DEBIT,666f6ba9
db4529a1,d0fbbb99,2024-07-17T21:51:31.878+07:00,23.28,CREDIT,8724f3ee
12dd93d8,efd2f050,2023-05-17T17:59:26.000+07:00,491.15,DEBIT,fa2e7c66
7974e3b4,2f2c8cf0,2024-07-26T08:37:34.034+07:00,457.94,DEBIT,3fc071a8
30469864,b760fd4d,2023-05-06T20:45:25.705+07:00,284.53,CREDIT,3e88b9f3
29d7c487,15287fdc,2024-03-10T20:42:38.937+07:00,281.11,DEBIT,b30db867
0cd6b61b,5198639a,2024-09-01T06:48:02.599+07:00,199.55,DEBIT,5f237fd7
a42e8b16,dbed9d2b,2023-08-10T12:07:36.314+07:00,458.16,CREDIT,fa2ce6cb
d6f3ddc0,f927ced7,2024-07-12T06:35:10.903+07:00,351.15,CREDIT,66020d54
2b101f5a,17d87014,2024-06-29T19:23:30.660+07:00,169.01,CREDIT,d16d28f7
08696d74,6bac6579,2024-11-24T03:15:28.879+07:00,55.92,CREDIT,5f237fd7
6e95a5c0,b4cdd0c2,2023-06-05T01:44:19.301+07:00,482.48,DEBIT,da747605
d428d174,6ee70f96,2023-05-26T03:02:49.925+07:00,22.24,CREDIT,7a230df6
406ab382,0a39754f,2023-10-08T11:15:04.004+07:00,33.97,DEBIT,c12929e6
7386562e,172ee023,2023-12-20T10:14:34.568+07:00,433.27,CREDIT,d32f5f25
f91ee696,986ecd10,2023-05-01T11:21:09.876+07:00,287.39,DEBIT,5f237fd7
1c979f84,ee23586d,2024-02-03T15:01:04.021+07:00,489.62,DEBIT,fa2e7c66
ab6d8cef,6a290284,2024-06-19T22:13:10.257+07:00,371.66,DEBIT,65e24620
34142c4c,9e626087,2024-02-01T02:27:21.053+07:00,314.98,CREDIT,2c1098d6
3f5dbb7a,63819e17,2023-04-06T17:08:14.750+07:00,352.27,DEBIT,65e24620
1f065018,9e626087,2024-02-11T07:37:00.998+07:00,391.96,CREDIT,66a5fec6
860621bc,75fd2c01,2024-12-03T18:51:48.021+07:00,317.44,DEBIT,9f3a5c1a
f4b1bc71,d5598fe2,2024-04-21T16:37:43.624+07:00,188.7,CREDIT,e68805f0
5bfdc65a,b8569866,2023-12-10T13:56:06.629+07:00,282.53,DEBIT,d32f5f25
f97bd04c,6242b7fa,2024-09-20T02:01:24.732+07:00,117.47,DEBIT,65e24620
4a25f7f5,641fe64b,2023-03-02T16:15:48.171+07:00,98.74,DEBIT,848c66f3
9b584a3e,10001ef5,2024-11-23T01:15:18.226+07:00,251.08,DEBIT,844693ac
d01e7fce,9983a5a2,2023-10-11T15:07:04.676+07:00,268.47,CREDIT,009a6b1f
66281cd3,a2d122e7,2023-10-01T11:25:57.609+07:00,416.84,DEBIT,90e33d75
65d94591,d0603040,2024-05-03T10:53:36.537+07:00,395.21,CREDIT,472abbc8
04960754,04e89bc5,2023-06-02T05:54:05.912+07:00,359.63,CREDIT,9f3a5c1a
60ac7c68,6c885c73,2024-04-20T12:17:41.626+07:00,336.74,CREDIT,aca2ee9d
f6e80dc1,7e263c5b,2024-03-19T11:52:53.401+07:00,362.24,DEBIT,2de2fb3d
47bebfd9,9efcedc5,2024-01-28T08:42:58.413+07:00,316.69,CREDIT,29797128
2c786b41,b8e3bec2,2024-03-07T16:58:22.780+07:00,428.21,DEBIT,d16d28f7
27fcb5ba,b714d8df,2023-11-14T04:48:54.978+07:00,164.42,CREDIT,65e24620
d8c552c1,4574f371,2024-06-22T14:20:00.236+07:00,323.69,CREDIT,86041576
f6e86596,ba429d95,2024-11-19T09:22:14.231+07:00,387.94,CREDIT,fa2e7c66
f756e846,c55d411f,2024-03-15T20:46:12.624+07:00,461.1,CREDIT,ea15471e
83bc8622,75fd2c01,2023-12-21T07:56:04.011+07:00,467.89,CREDIT,90ba1694
1260f4a2,863dd868,2024-05-06T08:03:32.672+07:00,482.65,DEBIT,a44f000c
ba35a6c8,f108202c,2023-06-03T12:49:35.498+07:00,352.16,DEBIT,a1b35095
4bbbe433,215ce6bd,2024-09-10T18:55:32.627+07:00,92.03,CREDIT,0351f38d
080eb394,5918be1b,2024-10-14T18:00:39.923+07:00,352.4,DEBIT,fa2ce6cb
516a0db9,e5122086,2023-10-23T12:10:13.991+07:00,457.19,DEBIT,e68805f0
8c4f4aaa,bb40caef,2024-03-22T01:39:34.156+07:00,356.32,CREDIT,da747605
20eba356,9814829e,2024-11-06T05:10:50.452+07:00,28.4,DEBIT,2de2fb3d
1af0061f,c5935daa,2023-06-01T17:00:06.160+07:00,380.97,CREDIT,21563bba
32360be2,472dc831,2023-02-17T09:05:36.259+07:00,263.53,DEBIT,e9b973b7
4165bed2,f108202c,2024-03-11T18:59:54.307+07:00,362.27,DEBIT,844693ac
a2e438b6,09bfee82,2022-12-20T21:02:42.648+07:00,497.74,CREDIT,ea15471e
8b02b590,e2cc7f24,2022-12-31T19:11:05.609+07:00,411.46,CREDIT,e68805f0
c0af1e2d,9efcedc5,2024-03-15T03:33:26.153+07:00,307.4,CREDIT,9f3a5c1a
6a4a5e31,7e211b04,2024-05-17T16:56:25.560+07:00,285.56,DEBIT,4a34dbe7
86b036dc,10001ef5,2023-11-12T05:54:03.128+07:00,28.97,CREDIT,ec61d128
6841f103,7d40453a,2023-08-26T07:18:54.468+07:00,322.62,DEBIT,009a6b1f
8d3ad881,ef785919,2024-02-22T09:23:39.555+07:00,470.16,DEBIT,66020d54
f3899f6b,986ecd10,2023-08-03T14:01:13.330+07:00,342.9,CREDIT,f810fe58
f4d40a61,b8e3bec2,2024-06-12T13:25:40.972+07:00,434.95,CREDIT,2c1098d6
80775c49,00a572a7,2024-07-30T06:43:20.187+07:00,398.78,DEBIT,aca2ee9d
c932e53a,9f271a30,2023-06-05T10:27:57.831+07:00,459.94,DEBIT,7615700f
bddb701e,e05ad7ee,2023-10-04T14:12:05.179+07:00,303.5,DEBIT,009a6b1f
fc1066fd,2f7a2393,2023-02-05T22:08:02.632+07:00,26.76,CREDIT,65e24620
d8c88291,e5122086,2024-10-15T19:34:53.477+07:00,100.06,DEBIT,f810fe58
ebdd30b1,61e90f28,2024-03-20T04:07:25.582+07:00,312.81,CREDIT,aca2ee9d
1dda9196,b4cdd0c2,2023-12-15T12:51:15.324+07:00,5.94,DEBIT,fa2e7c66
799a9b04,3ab6c50f,2024-05-04T05:56:26.033+07:00,316.33,DEBIT,9f3a5c1a
1166aa70,d721ff46,2023-04-13T19:23:14.907+07:00,275.23,CREDIT,e68805f0
45213748,05fb943c,2024-11-08T12:23:47.656+07:00,465.55,CREDIT,d16d28f7
4aed2aa3,b69fbb70,2023-05-31T11:57:06.884+07:00,87.23,CREDIT,da6c643d
5370c918,05fb943c,2023-03-25T22:52:39.216+07:00,42.12,DEBIT,66020d54
718eeaa3,863dd868,2023-01-28T01:27:08.647+07:00,168.88,DEBIT,f810fe58
f07ef221,8378da82,2023-06-30T10:50:01.264+07:00,196.69,DEBIT,86041576
7475228b,836804b4,2024-03-16T08:53:37.027+07:00,369.97,DEBIT,3e88b9f3
8d5dfcd8,4aeaf516,2023-01-13T12:23:02.630+07:00,186.89,CREDIT,da6c643d
bb7f575c,d5598fe2,2024-09-10T20:29:47.266+07:00,60.39,DEBIT,e9f725a2
d2331388,472dc831,2024-04-19T03:43:35.006+07:00,259.94,DEBIT,91e65669
fb38a0d1,14332485,2023-04-13T03:33:45.014+07:00,58.44,DEBIT,7a230df6
5d006b33,17d87014,2023-08-11T15:17:53.307+07:00,232.42,CREDIT,a44f000c
e08e6921,adb72718,2024-06-10T12:35:39.405+07:00,9.84,DEBIT,90e33d75
ced75817,5e987a10,2022-12-19T12:47:02.508+07:00,44.08,DEBIT,2c4123fb
2b8bdb29,8cf86d63,2023-05-12T00:13:00.022+07:00,465.6,DEBIT,5f237fd7
6b0a80f3,8177da3a,2024-02-03T14:49:12.009+07:00,7.13,DEBIT,848c66f3
e60ac6ae,863dd868,2023-03-07T18:12:57.087+07:00,359.15,CREDIT,fa2e7c66
e487fa05,5918be1b,2024-11-01T02:41:52.238+07:00,109.63,DEBIT,a1b35095
c44f4fd8,32fd32f2,2023-08-01T18:11:45.378+07:00,54.11,DEBIT,a1b35095
ee5542aa,1e32d28e,2023-03-03T17:21:11.307+07:00,126.54,DEBIT,90ba1694
4a7d69c7,b1e599ac,2024-10-25T19:16:01.314+07:00,162.93,CREDIT,cee2da88
68edc32a,7e211b04,2023-09-27T21:51:37.020+07:00,10.19,CREDIT,ec61d128
39b64f51,8cf86d63,2023-02-24T14:14:30.011+07:00,37.67,CREDIT,7a230df6
f313054f,86e6b20a,2024-09-27T21:08:29.632+07:00,192.24,CREDIT,7615700f
95ddbe4c,a7e3e832,2023-04-02T21:00:33.189+07:00,321.91,CREDIT,f810fe58
08fcc372,53ebba78,2023-04-14T08:31:34.712+07:00,257.45,DEBIT,2c4123fb
c1be14c0,c55d411f,2024-02-21T04:35:02.848+07:00,368.86,CREDIT,848c66f3
673eee8d,3cb9e55a,2023-03-31T21:43:26.413+07:00,301.57,CREDIT,cee2da88
3fc8a012,0617ec88,2023-02-12T16:12:42.342+07:00,17.41,CREDIT,2de2fb3d
7185712f,00a572a7,2024-06-24T20:43:56.467+07:00,383.7,DEBIT,8724f3ee
1b5edede,c5935daa,2023-09-12T13:58:11.955+07:00,473.48,DEBIT,a44f000c
b470ecfd,14332485,2024-03-19T08:36:56.842+07:00,123.03,DEBIT,86041576
8deb76cf,0e2aa613,2023-12-25T00:44:56.053+07:00,414.15,CREDIT,d32f5f25
34cce33f,5d5e3fd8,2024-08-26T13:40:44.379+07:00,47.89,DEBIT,ea15471e
de229cce,5e987a10,2024-05-28T07:35:07.812+07:00,187.98,DEBIT,da6c643d
23da9361,b5353851,2024-01-28T12:32:16.348+07:00,44.72,DEBIT,e9b973b7
e9f2fbc3,91c8b0e7,2023-07-31T09:09:47.290+07:00,193.44,CREDIT,2c4123fb
f54e9e78,41102d7a,2024-09-25T02:45:33.566+07:00,100.48,DEBIT,0351f38d
b3049fd4,9efcedc5,2024-08-14T23:37:34.071+07:00,440.99,DEBIT,91e65669
de8c64d7,04e89bc5,2024-06-09T22:27:26.808+07:00,129.39,CREDIT,0351f38d
812bcea9,f35c7234,2023-03-23T09:35:14.076+07:00,38.21,CREDIT,844693ac
37146fef,3cb9e55a,2023-10-14T17:24:44.726+07:00,496.2,DEBIT,66a5fec6
b8ca0701,15287fdc,2023-04-24T03:56:00.192+07:00,16.7,DEBIT,65e24620
0359234a,86e6b20a,2024-01-04T00:13:02.657+07:00,473.22,CREDIT,7615700f
41365664,d6451756,2023-07-17T21:23:34.515+07:00,305.99,DEBIT,a44f000c
8f50358c,9983a5a2,2024-05-28T11:44:11.979+07:00,41.29,DEBIT,4a34dbe7
2eec16f9,836804b4,2024-03-30T12:39:19.504+07:00,171.61,DEBIT,4a34dbe7
31fa5de1,b5353851,2023-03-17T22:56:23.837+07:00,331.39,CREDIT,d32f5f25
5e42bdfc,46f749bf,2024-05-31T14:13:52.708+07:00,318.48,DEBIT,da747605
5816e0b9,172ee023,2023-01-12T06:15:09.538+07:00,207.55,CREDIT,4a34dbe7
2fcf37dd,07ff77b1,2024-07-18T21:14:53.863+07:00,422.4,CREDIT,e68805f0
977cd336,9f271a30,2024-03-21T22:46:30.927+07:00,93.58,DEBIT,fa2e7c66
649ca630,ef785919,2023-08-18T01:51:27.645+07:00,202.31,CREDIT,24d53cba
af61feae,4b69e51a,2024-01-20T01:22:47.577+07:00,46.68,CREDIT,ea15471e
519bfeae,55e39723,2023-04-09T08:22:51.732+07:00,19.97,DEBIT,90ba1694
594f083e,9efcedc5,2023-01-30T18:11:30.801+07:00,496.6,CREDIT,86041576
f7a7efe4,d6451756,2024-07-11T18:05:59.487+07:00,445.96,CREDIT,8724f3ee
cd5a8b19,04e89bc5,2023-09-11T05:18:10.028+07:00,499.78,CREDIT,2c4123fb
fe1fda2a,13345f91,2023-12-14T19:41:34.491+07:00,458.03,CREDIT,2de2fb3d
2248f1c9,35a99d2e,2023-02-20T09:44:49.200+07:00,243.8,DEBIT,a309543a
628e7021,7f5db412,2023-01-04T05:30:31.819+07:00,59.18,CREDIT,29797128
7736e2f3,9e626087,2023-09-17T01:10:25.490+07:00,232.64,DEBIT,3e88b9f3
4ef1d8e1,762678c1,2024-11-11T11:13:33.384+07:00,397.53,DEBIT,5f237fd7
603465a7,13345f91,2023-10-15T16:23:23.871+07:00,114.86,CREDIT,29797128
64950419,b5353851,2024-06-15T12:51:23.141+07:00,161.7,DEBIT,f810fe58
6503d0e1,6b02b732,2024-03-31T23:18:41.952+07:00,364.45,CREDIT,cee2da88
b628b99c,a15b6b49,2023-09-10T08:10:45.837+07:00,189.06,CREDIT,2de2fb3d
30a049e5,75fd2c01,2023-01-26T04:32:46.764+07:00,490.97,CREDIT,a44f000c
4186d8c4,b4cdd0c2,2023-12-07T07:57:01.637+07:00,442.71,CREDIT,bceaddae
8943117c,5918be1b,2023-12-07T04:07:21.259+07:00,25.15,DEBIT,a309543a
5b407dbe,13345f91,2023-08-30T06:45:35.040+07:00,56.98,DEBIT,e9b973b7
d0ec8750,8177da3a,2024-04-22T07:12:37.451+07:00,19.68,DEBIT,fa2e7c66
a7d3432c,35a99d2e,2024-10-27T23:13:03.545+07:00,397.58,DEBIT,90ba1694
a50b1dd1,09bfee82,2024-05-25T14:50:54.866+07:00,86.71,DEBIT,3fc071a8
b09b02f5,75fd2c01,2023-11-19T19:20:37.456+07:00,402.83,DEBIT,d32f5f25
c99dfdc3,3cb9e55a,2023-02-14T14:53:06.904+07:00,106.67,CREDIT,3e88b9f3
7c101427,2f7a2393,2023-07-22T14:28:13.338+07:00,244.44,DEBIT,91e65669
20527f19,f9aeee36,2024-03-29T09:03:41.647+07:00,474.82,CREDIT,848c66f3
c3311c36,91c8b0e7,2023-04-09T14:06:35.395+07:00,417.19,CREDIT,86041576
ab6c633c,6bac6579,2024-05-05T18:26:07.510+07:00,382.39,CREDIT,009a6b1f
87f88262,d1a0e71c,2022-12-18T05:28:13.763+07:00,351.17,DEBIT,a44f000c
65cb53c9,e27bf7b3,2023-07-02T21:42:30.543+07:00,269.42,CREDIT,a1b35095
d48cdead,d721ff46,2023-12-17T02:33:09.238+07:00,342.69,CREDIT,c0835974
73de65aa,04e89bc5,2023-04-22T12:54:22.210+07:00,134.68,CREDIT,aca2ee9d
888cbd3f,0617ec88,2024-01-13T04:07:48.666+07:00,216.06,DEBIT,fa2ce6cb
fdf4f92d,4aeaf516,2024-03-08T15:15:23.070+07:00,312.32,DEBIT,2de2fb3d
a67fedf9,8f3e41c8,2024-07-04T23:07:49.479+07:00,234.63,DEBIT,aca2ee9d
629f7976,a0e0af59,2023-05-20T22:30:54.151+07:00,166.27,CREDIT,a309543a
3df01f52,d134f7ef,2023-05-05T12:38:03.154+07:00,414.05,DEBIT,10d2aaf9
bbefcf29,a2d122e7,2024-08-22T14:03:21.436+07:00,292.79,CREDIT,9f3a5c1a
83c25bf5,f108202c,2023-09-05T02:12:18.495+07:00,117.78,DEBIT,24d53cba
641406b5,0e2aa613,2023-07-11T18:45:40.946+07:00,12.58,CREDIT,90e33d75
e6cf3a67,2f7a2393,2023-08-10T03:49:44.054+07:00,466.93,CREDIT,472abbc8
edc97c29,0a39754f,2023-10-13T22:34:03.576+07:00,286.5,CREDIT,10d2aaf9
8a78c2ae,8fac0de5,2023-12-01T09:14:11.635+07:00,99.92,CREDIT,29797128
86c91f2b,5918be1b,2024-03-13T10:59:18.539+07:00,325.43,DEBIT,21563bba
198e1c2a,53ebba78,2024-06-26T07:13:16.126+07:00,255.07,CREDIT,f810fe58
ad9f79ed,ee698173,2023-01-13T10:18:07.766+07:00,28.19,DEBIT,90e33d75
69ac321b,a2d122e7,2023-10-03T23:18:28.373+07:00,164.9,CREDIT,e9b973b7
73408996,9e626087,2024-03-28T18:33:53.264+07:00,314.74,DEBIT,7a230df6
a63d36ef,f108202c,2024-01-20T03:26:45.067+07:00,209.82,DEBIT,a309543a
0e642146,b69fbb70,2023-10-02T23:00:19.958+07:00,409.33,CREDIT,29797128
d4a5bd54,b69fbb70,2024-11-08T08:23:11.765+07:00,196.72,DEBIT,cee2da88
3eee0d05,cfded30e,2024-03-29T15:45:19.138+07:00,280.09,DEBIT,a1b35095
7808cfc6,8f3e41c8,2022-12-20T10:13:34.352+07:00,432.16,CREDIT,bceaddae
92f7b779,35a99d2e,2024-09-06T08:00:23.632+07:00,486.84,CREDIT,fa2e7c66
dff9402f,7d40453a,2023-10-03T14:31:15.499+07:00,182.92,DEBIT,2c4123fb
5f072e36,41102d7a,2023-12-14T17:44:03.921+07:00,353.28,DEBIT,0351f38d
25bb74cb,6bac6579,2023-11-16T06:05:32.178+07:00,391.21,DEBIT,4a34dbe7
f3ad5c54,0f808f0e,2023-02-21T00:04:44.058+07:00,161.43,DEBIT,3017740f
58eb1c6a,b1e599ac,2024-01-24T07:44:44.676+07:00,408.96,DEBIT,66a5fec6
7e3d3fde,3bbc5650,2023-12-21T20:13:02.991+07:00,280.2,DEBIT,c12929e6
bdcdf770,d721ff46,2024-12-12T21:49:28.515+07:00,177.91,DEBIT,3fc071a8
8c6a7685,c716b233,2024-08-14T07:05:49.989+07:00,494.22,CREDIT,848c66f3
1f94d5e4,bbd420fb,2023-09-27T17:41:08.219+07:00,212.22,CREDIT,fa2ce6cb
29f63c8c,2952e248,2024-12-10T09:31:37.492+07:00,46.24,DEBIT,666f6ba9
615ced14,d721ff46,2024-12-04T17:35:19.886+07:00,15.35,DEBIT,b30db867
4ee6c52e,762678c1,2024-07-08T06:25:05.966+07:00,26.01,DEBIT,e9b973b7
040c19d8,b760fd4d,2024-02-05T21:44:42.612+07:00,254.08,CREDIT,2de2fb3d
3e89cd0d,7f5db412,2023-12-07T06:50:13.699+07:00,423.18,DEBIT,fa2ce6cb
bb945f75,2952e248,2024-03-09T11:08:32.942+07:00,476.4,CREDIT,da747605
f54449dd,9efcedc5,2023-03-28T08:21:37.609+07:00,201.72,DEBIT,d16d28f7
80b68c25,63819e17,2024-06-06T07:35:57.496+07:00,335.76,DEBIT,fa2e7c66
60e1e784,e91cd522,2024-09-01T00:01:02.285+07:00,449.45,DEBIT,b30db867
b1ac5428,3ab6c50f,2023-05-30T06:11:04.149+07:00,158.05,DEBIT,2de2fb3d
b6e4ba38,8cf86d63,2024-01-07T15:42:04.646+07:00,475.46,DEBIT,472abbc8
02dab2d8,13345f91,2024-05-18T06:54:13.789+07:00,458.03,CREDIT,90e33d75
df49af46,4b69e51a,2023-06-11T07:59:41.239+07:00,454.23,CREDIT,e68805f0
b84d7e5c,9983a5a2,2023-01-06T15:24:47.469+07:00,336.98,CREDIT,d32f5f25
28b471ee,d0603040,2023-09-26T19:47:03.281+07:00,437.26,DEBIT,aca2ee9d
383c0366,5e987a10,2024-03-06T04:45:30.441+07:00,475.32,CREDIT,d16d28f7
af82e4dd,9983a5a2,2024-09-08T10:14:05.226+07:00,97.81,CREDIT,91e65669
3baf895a,dab6ff24,2023-02-23T19:22:49.051+07:00,226.23,CREDIT,e9f725a2
b0dd87c8,7f5db412,2023-06-14T10:26:15.401+07:00,67.08,DEBIT,d16d28f7
5351a50d,762678c1,2023-08-07T13:37:03.823+07:00,311.79,DEBIT,c0835974
2a2efd6e,75fd2c01,2023-09-28T20:10:59.838+07:00,458.36,DEBIT,3e88b9f3
1fb27b58,863dd868,2023-06-15T19:33:53.826+07:00,133.68,DEBIT,2c4123fb
55892a50,35a99d2e,2023-10-28T21:50:37.872+07:00,214.46,DEBIT,3fc071a8
95414846,3e7b6a86,2024-10-27T15:02:53.024+07:00,169.84,DEBIT,4a34dbe7
a21929f7,3413b48b,2023-05-05T12:41:30.253+07:00,199.44,DEBIT,8724f3ee
079f5655,e5122086,2023-12-17T19:08:01.725+07:00,100.01,CREDIT,b30db867
84cab5e1,e05ad7ee,2023-12-28T08:12:33.020+07:00,290.87,CREDIT,7615700f
1a92b009,e045e3ba,2024-04-23T06:42:52.040+07:00,180.55,DEBIT,8724f3ee
d50191e7,3413b48b,2023-05-03T12:26:51.240+07:00,68.93,DEBIT,aca2ee9d
ee4e2206,1e32d28e,2024-02-15T22:12:34.431+07:00,163.04,DEBIT,3017740f
57a62954,07ff77b1,2023-05-15T11:38:14.045+07:00,450.23,DEBIT,b30db867
16fe3770,762678c1,2023-08-07T01:33:56.878+07:00,487.58,DEBIT,90ba1694
768195ba,6ee70f96,2024-01-25T21:49:19.916+07:00,27.83,CREDIT,c12929e6
1149c525,4ca2a46b,2024-10-02T01:15:02.068+07:00,462.07,DEBIT,2c4123fb
f24b8250,dab6ff24,2023-08-10T17:50:21.936+07:00,492.16,CREDIT,a309543a
09b18926,b4cdd0c2,2024-04-04T17:49:59.244+07:00,81.23,CREDIT,c12929e6
4187cc07,e5122086,2024-06-13T14:34:51.282+07:00,66.21,DEBIT,8724f3ee
264e2167,cfded30e,2023-12-29T02:41:11.488+07:00,185.35,CREDIT,8724f3ee
abf0a9ca,b69fbb70,2023-04-17T08:26:56.007+07:00,493.8,DEBIT,8724f3ee
e3b6bdce,d0603040,2023-07-01T07:10:13.022+07:00,345.44,DEBIT,91e65669
e14afdb0,29346d58,2023-12-15T15:28:00.713+07:00,477.44,CREDIT,86041576
7cd99791,07ff77b1,2023-09-26T11:02:29.433+07:00,30.0,DEBIT,fa2ce6cb
216f9fc0,9983a5a2,2024-03-05T11:07:06.532+07:00,480.73,DEBIT,844693ac
2a17299c,b5353851,2023-10-22T18:07:04.536+07:00,480.68,DEBIT,d16d28f7
50206d9c,7f5db412,2024-10-11T18:26:54.954+07:00,169.8,CREDIT,7a230df6
086ead6b,6ee70f96,2023-12-18T05:54:06.820+07:00,227.04,CREDIT,5f237fd7
c2e4c3e7,86e6b20a,2022-12-29T21:09:23.430+07:00,46.3,DEBIT,9f3a5c1a
afce204d,e045e3ba,2024-05-29T03:49:08.028+07:00,392.83,DEBIT,844693ac
b191d9e3,d721ff46,2023-09-20T16:23:27.360+07:00,379.36,CREDIT,cee2da88
6e0b5d29,ebea35ad,2023-04-28T17:10:11.133+07:00,207.18,CREDIT,7615700f
262dc292,e4b1c0b2,2024-11-05T04:02:45.395+07:00,30.95,CREDIT,ec61d128
39670513,4b69e51a,2024-04-11T04:39:56.639+07:00,344.44,CREDIT,66020d54
187ee53a,b8e3bec2,2023-05-05T16:27:38.329+07:00,351.84,DEBIT,7615700f
671d9966,3bbc5650,2023-06-02T07:18:11.973+07:00,326.47,CREDIT,a44f000c
c5ca4809,3e7b6a86,2023-10-31T16:41:21.164+07:00,74.16,DEBIT,5f237fd7
63ec7322,bb0edd72,2023-02-02T09:52:29.635+07:00,376.8,DEBIT,90ba1694
4c93804b,f108202c,2024-01-09T09:15:40.376+07:00,52.91,CREDIT,e9f725a2
a2ab2414,d0fbbb99,2024-04-18T20:10:40.446+07:00,45.32,CREDIT,ea15471e
ee855d37,d0fbbb99,2024-05-13T10:04:48.366+07:00,89.73,DEBIT,3017740f
754bd7fa,e0e68124,2023-04-19T04:29:40.091+07:00,5.16,CREDIT,a1b35095
71f0b0cc,5d5e3fd8,2024-04-28T14:05:02.801+07:00,71.92,CREDIT,f810fe58
68e27fa3,bbd420fb,2023-10-08T22:24:21.284+07:00,210.15,DEBIT,3017740f
c1ec5beb,13345f91,2023-09-23T06:41:54.070+07:00,103.6,CREDIT,3017740f
48f1420f,e5122086,2024-10-20T09:44:24.879+07:00,104.19,DEBIT,848c66f3
85c67fb4,cfded30e,2024-07-10T03:46:48.099+07:00,486.14,CREDIT,29797128
a6362927,63819e17,2023-12-11T19:02:03.584+07:00,248.12,CREDIT,666f6ba9
74803132,da3a79b2,2023-06-10T16:36:03.186+07:00,89.09,DEBIT,da6c643d
8f3f8fe1,5198639a,2024-05-23T07:07:07.928+07:00,242.07,CREDIT,848c66f3
88a03826,8177da3a,2023-07-11T18:24:47.949+07:00,247.56,DEBIT,da747605
d4fc13fd,8034daa3,2023-11-01T10:51:59.763+07:00,339.32,DEBIT,7615700f
65a47284,641fe64b,2024-02-13T15:11:31.410+07:00,221.9,CREDIT,2c1098d6
74dfe6ee,c55d411f,2023-10-21T11:57:09.923+07:00,227.48,CREDIT,7615700f
50fdd63a,6b7cf312,2023-07-20T20:56:43.837+07:00,301.33,CREDIT,fa2ce6cb
078f602d,e27bf7b3,2024-11-08T20:42:08.695+07:00,332.13,CREDIT,7615700f
7f20866b,6bac6579,2023-05-12T06:39:18.062+07:00,176.6,CREDIT,8724f3ee
178c9324,5d5e3fd8,2023-11-29T23:19:21.916+07:00,266.05,CREDIT,aca2ee9d
23d2fe59,6bac6579,2023-09-22T19:34:39.072+07:00,265.12,DEBIT,24d53cba
fce1a6db,ee698173,2024-05-25T10:35:35.714+07:00,426.87,DEBIT,8724f3ee
9e4bbf8f,87723bbb,2024-08-21T11:04:41.115+07:00,438.72,CREDIT,65e24620
a0d8bc2a,d721ff46,2023-10-11T07:51:53.279+07:00,217.82,DEBIT,e9b973b7
e51b35e2,8f3e41c8,2024-09-18T21:15:50.056+07:00,421.53,DEBIT,3e88b9f3
9c1be118,61e90f28,2023-06-13T00:16:45.278+07:00,38.73,CREDIT,c0835974
6d151655,01022575,2024-07-04T01:22:51.497+07:00,498.51,CREDIT,844693ac
33826de7,2f7a2393,2024-06-01T10:47:32.511+07:00,151.36,DEBIT,9f3a5c1a
3204b203,6b02b732,2023-02-11T18:53:40.718+07:00,356.74,DEBIT,bceaddae
0d2e1a1a,0617ec88,2024-05-24T08:47:15.373+07:00,330.22,CREDIT,91e65669
7584ca29,8034daa3,2024-10-03T08:40:19.015+07:00,284.32,DEBIT,da6c643d
72193de8,0e2aa613,2024-05-10T23:22:23.333+07:00,353.93,DEBIT,86041576
f7bf0ebd,2f7a2393,2023-10-08T09:30:55.055+07:00,342.78,DEBIT,d32f5f25
80a16319,3bbc5650,2024-05-05T11:58:18.763+07:00,489.54,DEBIT,b30db867
256695b9,b714d8df,2024-08-28T10:34:12.652+07:00,351.19,CREDIT,66a5fec6
280d3bd8,adb72718,2024-01-23T06:22:28.017+07:00,346.93,CREDIT,86041576
f52536c0,fcbf7024,2024-01-10T18:10:28.670+07:00,483.01,CREDIT,a309543a
87c1c25c,cfded30e,2023-02-20T15:05:24.791+07:00,124.85,DEBIT,21563bba
bbbdb518,4574f371,2024-07-16T14:05:12.682+07:00,340.28,DEBIT,c12929e6
aa0f92c3,99a94e4f,2023-09-18T22:08:32.238+07:00,357.0,CREDIT,0351f38d
0ea1e4d5,b4cdd0c2,2024-04-04T09:10:24.256+07:00,246.22,CREDIT,21563bba
78e22342,e05ad7ee,2024-01-11T23:51:01.040+07:00,135.29,CREDIT,da747605
df981d30,6b7cf312,2024-09-26T08:46:11.647+07:00,323.31,CREDIT,65e24620
9787d2a7,a15b6b49,2024-01-09T23:58:26.725+07:00,164.28,DEBIT,66a5fec6
a84a571b,4ca2a46b,2024-04-25T06:53:22.793+07:00,294.58,CREDIT,66a5fec6
3e5d52ad,00a572a7,2023-03-22T02:17:38.036+07:00,213.67,DEBIT,91e65669
372dfee0,172ee023,2023-04-07T16:12:14.738+07:00,491.11,DEBIT,90ba1694
2e4015af,44790e67,2023-02-06T06:06:41.842+07:00,331.36,DEBIT,e9b973b7
1abafacb,e5f5045f,2023-07-11T06:03:56.196+07:00,217.16,CREDIT,2de2fb3d
e9c4cd8d,6bac6579,2023-01-18T13:00:08.352+07:00,184.39,DEBIT,7615700f
7cea7c26,3e7b6a86,2023-03-09T03:04:19.489+07:00,44.74,DEBIT,2de2fb3d
5422ff1e,63819e17,2024-01-14T06:10:12.262+07:00,175.22,CREDIT,7a230df6
4d0b3077,e5f5045f,2024-06-26T04:00:59.263+07:00,140.97,DEBIT,65e24620
991e03da,e0e68124,2024-02-20T17:33:28.608+07:00,375.76,DEBIT,a309543a
9aced75a,8f3e41c8,2023-12-08T19:56:15.236+07:00,125.17,DEBIT,d32f5f25
b76e7fdb,86e6b20a,2024-05-12T20:39:44.883+07:00,132.11,CREDIT,3fc071a8
58417ffc,215ce6bd,2024-10-06T22:58:57.613+07:00,357.21,DEBIT,2c4123fb
509d1ce6,bb40caef,2024-04-05T14:32:40.598+07:00,19.88,DEBIT,aca2ee9d
2a1f6282,07ff77b1,2024-12-06T23:25:57.930+07:00,366.88,DEBIT,86041576
59860838,6a290284,2023-03-01T09:12:25.277+07:00,226.04,DEBIT,3e88b9f3
a113a929,75fd2c01,2024-03-08T17:13:51.879+07:00,48.5,CREDIT,844693ac
8b7e4274,4b69e51a,2024-08-08T11:41:47.689+07:00,40.97,CREDIT,d32f5f25
21823429,ae973d2f,2023-08-11T16:49:58.145+07:00,17.83,CREDIT,666f6ba9
c030f301,8f3e41c8,2023-04-04T09:45:20.262+07:00,219.57,CREDIT,21563bba
10c1587c,8378da82,2023-09-09T01:18:01.138+07:00,479.7,CREDIT,2c1098d6
233f48ce,6559cf71,2024-03-22T00:27:19.955+07:00,234.53,CREDIT,c12929e6
fe68c8dd,bb0edd72,2024-11-10T14:53:20.930+07:00,433.55,CREDIT,3017740f
63cd2432,f108202c,2024-04-29T12:29:55.356+07:00,53.19,DEBIT,2c4123fb
edaf39b8,87723bbb,2023-08-03T02:28:17.973+07:00,124.94,CREDIT,29797128
76f62ca4,b69fbb70,2024-10-10T22:31:08.603+07:00,38.83,CREDIT,3fc071a8
c3c89afc,472dc831,2023-09-30T18:00:12.400+07:00,476.27,CREDIT,ea15471e
40b6e9dc,a02c03e6,2023-12-10T16:55:24.373+07:00,327.87,CREDIT,2c1098d6
dc626002,e27bf7b3,2023-01-31T14:51:34.295+07:00,364.43,DEBIT,ec61d128
7c61d331,bb0edd72,2023-03-25T13:57:59.596+07:00,443.22,DEBIT,aca2ee9d
34bf0eeb,63819e17,2023-08-19T17:28:21.303+07:00,402.89,CREDIT,848c66f3
94205903,da3a79b2,2023-12-21T02:52:49.913+07:00,318.28,CREDIT,aca2ee9d
d713b1ed,34c70067,2024-11-28T14:28:28.540+07:00,63.83,DEBIT,65e24620
81fc3370,83e43264,2024-01-17T16:52:45.736+07:00,228.64,CREDIT,fa2e7c66
aff1ad59,e5f5045f,2024-05-03T20:27:50.126+07:00,41.31,DEBIT,c12929e6
279e818b,efd2f050,2023-06-07T07:08:44.103+07:00,298.86,CREDIT,2c4123fb
78b9bec2,7d40453a,2023-01-08T10:36:49.038+07:00,230.71,CREDIT,90ba1694
6e1e16e7,7f5db412,2024-04-10T18:28:26.331+07:00,18.13,CREDIT,e68805f0
59d650c1,9e626087,2023-01-17T23:22:30.663+07:00,312.96,DEBIT,009a6b1f
77a546b3,472dc831,2024-08-01T04:28:03.138+07:00,100.52,DEBIT,2c4123fb
a59bf9f4,5918be1b,2024-11-21T15:19:50.162+07:00,151.3,CREDIT,9f3a5c1a
d4ea203a,4ea84515,2024-01-20T08:12:45.735+07:00,191.59,DEBIT,65e24620
3dcc691e,f9aeee36,2024-03-20T15:26:04.761+07:00,113.58,DEBIT,c0835974
460a1a04,5d5e3fd8,2023-01-19T02:14:09.296+07:00,307.89,CREDIT,65e24620
960a3d44,641fe64b,2023-03-05T18:37:11.836+07:00,269.58,CREDIT,0351f38d
350571f6,fcbf7024,2023-08-16T21:42:04.302+07:00,484.54,CREDIT,aca2ee9d
742ec5ad,b8e3bec2,2023-03-07T15:08:03.718+07:00,412.45,CREDIT,21563bba
65a73756,8cf86d63,2023-05-16T18:57:05.503+07:00,281.79,DEBIT,3e88b9f3
e8c1e622,e045e3ba,2022-12-25T17:44:27.035+07:00,269.99,CREDIT,e9b973b7
6e4f73c5,7e263c5b,2023-05-27T06:10:48.583+07:00,358.42,DEBIT,cee2da88
b781a64d,7d40453a,2024-01-17T20:04:27.891+07:00,461.97,CREDIT,5f237fd7
670d545c,adb72718,2023-11-07T20:08:58.271+07:00,122.51,CREDIT,3017740f
739babac,6a290284,2024-12-10T13:34:15.554+07:00,479.93,CREDIT,29797128
2a3fcf94,986ecd10,2023-11-13T06:07:31.278+07:00,155.7,DEBIT,f810fe58
982e4548,d0fbbb99,2024-05-21T03:38:34.232+07:00,411.4,DEBIT,c0835974
6d321b10,a02c03e6,2024-01-24T14:18:24.622+07:00,492.63,DEBIT,a44f000c
5820860a,6b7cf312,2023-08-07T08:33:33.138+07:00,148.77,DEBIT,666f6ba9
d11be13a,35a99d2e,2023-07-20T04:50:45.214+07:00,342.35,CREDIT,cee2da88
942c05ee,bb0edd72,2024-05-02T08:04:24.787+07:00,169.61,DEBIT,8724f3ee
75c101dc,1e32d28e,2023-08-28T22:39:29.842+07:00,69.13,DEBIT,24d53cba
4fb011a2,4574f371,2024-08-13T22:16:06.733+07:00,395.95,CREDIT,aca2ee9d
786810ce,ef785919,2022-12-24T02:00:47.546+07:00,344.33,CREDIT,bceaddae
faa6c124,ee698173,2024-01-06T06:00:56.162+07:00,318.09,DEBIT,90ba1694
3d2d6e4c,0a39754f,2023-09-12T15:25:48.275+07:00,18.29,DEBIT,91e65669
26a80588,6b7cf312,2023-12-08T13:22:31.213+07:00,92.23,DEBIT,d16d28f7
85700a5a,4b69e51a,2023-08-09T11:09:17.628+07:00,497.56,CREDIT,ec61d128
936b8e17,3bbc5650,2024-07-19T09:25:37.876+07:00,138.78,DEBIT,c0835974
3ebdfe1e,ebea35ad,2024-11-13T14:35:53.666+07:00,58.22,CREDIT,e9f725a2
117f7d99,6c885c73,2024-07-30T08:38:43.247+07:00,215.66,DEBIT,fa2ce6cb
9f57984e,8fac0de5,2023-06-14T12:45:39.407+07:00,469.16,DEBIT,90ba1694
d91acaae,5918be1b,2023-01-26T10:29:53.879+07:00,396.1,DEBIT,ec61d128
c4b22189,87723bbb,2024-10-19T17:51:09.382+07:00,35.79,DEBIT,a44f000c
2763e23f,ebea35ad,2024-01-31T14:32:53.781+07:00,278.83,CREDIT,cee2da88
fc871b32,e91cd522,2023-10-13T17:09:26.481+07:00,401.71,DEBIT,b30db867
113bb20b,01022575,2023-04-18T09:59:02.324+07:00,98.77,CREDIT,8724f3ee
03358c27,e0e68124,2023-10-27T15:20:10.978+07:00,79.49,DEBIT,f810fe58
da9d3684,3320d93a,2024-04-12T13:13:56.345+07:00,241.82,DEBIT,fa2e7c66
1fdfbd58,04e89bc5,2023-07-06T19:27:00.772+07:00,318.82,DEBIT,5f237fd7
020ead39,8034daa3,2023-02-10T12:28:27.192+07:00,495.07,DEBIT,aca2ee9d
c93057ee,b1e599ac,2024-08-19T07:58:07.813+07:00,135.6,CREDIT,c0835974
905175c2,abbc74a5,2024-08-18T12:00:47.182+07:00,237.22,CREDIT,66a5fec6
fa8b52d4,e0e68124,2023-10-03T00:18:08.574+07:00,496.32,CREDIT,7a230df6
22c313e5,3bbc5650,2024-08-26T02:21:54.561+07:00,395.93,CREDIT,10d2aaf9
0f0bd2f2,a15b6b49,2023-11-02T16:06:26.513+07:00,285.0,DEBIT,5f237fd7
3a61d13a,dab6ff24,2023-05-01T05:17:54.090+07:00,238.59,DEBIT,5f237fd7
e983d593,2f2c8cf0,2023-03-22T13:46:17.901+07:00,290.54,DEBIT,fa2ce6cb
4eb2640a,cfded30e,2024-01-27T01:53:05.934+07:00,452.9,CREDIT,d16d28f7
d37c5b80,9efcedc5,2024-05-30T11:04:02.418+07:00,364.45,DEBIT,90e33d75
35688814,d119d5c6,2024-05-14T00:32:37.065+07:00,94.96,DEBIT,d16d28f7
d5108e04,bb0edd72,2023-04-24T20:22:41.054+07:00,69.06,CREDIT,ea15471e
09c60e15,cfded30e,2024-05-10T02:43:42.041+07:00,224.76,DEBIT,86041576
261f14d5,bb40caef,2024-09-23T01:13:53.614+07:00,281.45,CREDIT,009a6b1f
484e6c4e,2952e248,2022-12-22T07:39:18.370+07:00,25.22,CREDIT,aca2ee9d
12d46ff9,337bcc65,2024-10-27T10:14:07.137+07:00,329.34,DEBIT,e9b973b7
a51cd35a,d134f7ef,2023-05-14T14:32:24.595+07:00,434.13,CREDIT,21563bba
034d9d91,4ea84515,2023-03-24T04:30:25.248+07:00,156.55,DEBIT,c0835974
ccf3b08c,d119d5c6,2023-03-06T11:37:10.414+07:00,496.23,DEBIT,e9b973b7
fe69ac76,6bac6579,2024-02-12T00:34:02.736+07:00,188.71,DEBIT,90ba1694
03122de5,863dd868,2023-03-06T20:15:45.549+07:00,475.2,CREDIT,3017740f
e4253e21,adb72718,2024-10-12T01:25:55.532+07:00,133.83,CREDIT,3017740f
119b5c96,bb0edd72,2023-09-20T21:29:06.928+07:00,422.98,DEBIT,c0835974
71c42a52,f927ced7,2024-10-17T17:49:28.983+07:00,194.33,CREDIT,d16d28f7
9e902ca8,8034daa3,2023-05-31T10:20:05.182+07:00,376.06,CREDIT,cee2da88
c8e89e75,d6451756,2024-02-09T06:04:36.740+07:00,254.48,DEBIT,e9b973b7
7797630a,55e39723,2023-10-24T10:58:29.639+07:00,477.61,CREDIT,848c66f3
055f0468,ebea35ad,2023-08-14T15:27:19.569+07:00,444.27,DEBIT,e9b973b7
d76eb8f7,adb72718,2024-06-10T02:37:19.190+07:00,323.66,DEBIT,aca2ee9d
6ffb67a3,3e7b6a86,2023-03-14T22:56:33.244+07:00,269.26,CREDIT,b30db867
c817eb7a,c55d411f,2024-10-20T14:34:19.396+07:00,202.79,DEBIT,da6c643d
341413ee,cfded30e,2024-10-02T12:44:56.835+07:00,151.55,DEBIT,fa2e7c66
2c953a80,f35c7234,2023-08-19T16:36:43.923+07:00,442.41,DEBIT,90e33d75
0bfffc1c,7f5db412,2023-09-05T13:50:44.318+07:00,372.33,DEBIT,65e24620
39f4c466,3320d93a,2023-01-09T09:18:26.471+07:00,10.84,DEBIT,b30db867
200d4664,bb0edd72,2024-04-18T09:09:06.446+07:00,64.2,CREDIT,7a230df6
8016782a,bb0edd72,2024-05-05T21:11:55.508+07:00,298.95,CREDIT,d32f5f25
8076a6e7,6a290284,2023-02-01T23:28:13.206+07:00,147.38,CREDIT,e9f725a2
fec576bb,05fb943c,2024-04-22T18:09:32.168+07:00,467.43,CREDIT,e9f725a2
e4addb87,172ee023,2024-04-07T07:28:42.298+07:00,303.87,DEBIT,666f6ba9
a2e73928,d134f7ef,2024-08-30T21:57:06.718+07:00,97.05,DEBIT,7615700f
93591654,abbc74a5,2024-07-23T02:24:54.377+07:00,22.74,DEBIT,2de2fb3d
0b5a0678,35a99d2e,2023-11-23T10:16:29.861+07:00,117.57,CREDIT,c12929e6
d0909bf6,ebea35ad,2024-12-08T04:36:09.773+07:00,62.15,DEBIT,4a34dbe7
3fe96c9e,10001ef5,2023-10-24T11:14:04.171+07:00,287.3,CREDIT,aca2ee9d
0b75fcee,00a572a7,2024-06-14T13:08:55.593+07:00,182.88,CREDIT,8724f3ee
bea2464c,8fac0de5,2024-10-28T00:22:30.054+07:00,27.04,DEBIT,fa2e7c66
7fd7fcfc,34c70067,2023-11-26T22:14:21.220+07:00,132.43,DEBIT,90e33d75
1e2f7dd5,7f5db412,2023-08-14T07:45:25.190+07:00,50.58,CREDIT,2de2fb3d
42dffecd,cfded30e,2023-07-12T09:38:37.211+07:00,182.29,DEBIT,009a6b1f
fdd2387c,172ee023,2024-04-23T11:01:27.328+07:00,229.71,DEBIT,ea15471e
dfed08bc,762678c1,2023-04-07T21:12:32.819+07:00,150.66,DEBIT,e9f725a2
a226cc21,32fd32f2,2024-07-20T08:54:51.384+07:00,89.42,DEBIT,2c1098d6
74033ea9,b8569866,2022-12-26T11:51:56.145+07:00,173.25,DEBIT,b30db867
09e9237b,04e89bc5,2023-07-20T07:01:53.657+07:00,227.22,CREDIT,7615700f
938429d4,e2cc7f24,2024-09-28T06:24:07.168+07:00,321.59,CREDIT,90e33d75
988dc0bf,e2cc7f24,2024-05-14T06:51:54.987+07:00,340.12,DEBIT,844693ac
a704aa3f,d0fbbb99,2024-05-24T11:51:20.635+07:00,467.15,CREDIT,90ba1694
d2715ba4,e0e68124,2023-08-20T03:49:03.652+07:00,26.91,DEBIT,5f237fd7
d9003a51,09bfee82,2024-05-21T12:49:35.960+07:00,321.52,DEBIT,da747605
ada367b4,5e987a10,2023-11-27T00:13:13.216+07:00,190.75,CREDIT,c12929e6
781ad6a4,9983a5a2,2024-01-30T22:41:17.043+07:00,162.74,DEBIT,b30db867
c8d2b326,1d2124a5,2023-03-28T17:23:42.513+07:00,138.33,CREDIT,5f237fd7
7f4f1518,8cf86d63,2023-03-09T17:21:44.603+07:00,28.86,DEBIT,a309543a
be99d030,46f749bf,2022-12-27T16:00:43.363+07:00,392.0,DEBIT,fa2ce6cb
02bf3139,abbc74a5,2024-05-24T21:54:18.246+07:00,220.96,CREDIT,c0835974
0003bf38,4574f371,2023-01-29T03:27:43.084+07:00,297.37,CREDIT,d16d28f7
6a3e7bec,e27bf7b3,2024-01-25T23:26:23.454+07:00,336.45,DEBIT,bceaddae
82794c77,4574f371,2024-02-15T12:01:39.372+07:00,234.01,CREDIT,29797128
5c4ce5dd,ebea35ad,2024-11-11T12:39:35.748+07:00,348.8,DEBIT,a44f000c
306e59f8,f108202c,2023-03-07T13:55:19.012+07:00,245.72,CREDIT,848c66f3
6a3eb707,c5935daa,2022-12-26T01:41:00.886+07:00,114.87,CREDIT,5f237fd7
cde7779e,4ca2a46b,2023-06-13T18:32:51.427+07:00,393.09,CREDIT,aca2ee9d
b2088549,e2cc7f24,2024-09-04T17:24:01.946+07:00,183.7,DEBIT,3e88b9f3
829795d0,7f5db412,2023-01-07T04:33:10.352+07:00,184.02,DEBIT,aca2ee9d
077ad24e,dab6ff24,2023-02-10T15:14:32.862+07:00,112.76,CREDIT,f810fe58
7716c34f,fcbf7024,2024-03-13T10:49:35.490+07:00,146.23,DEBIT,a309543a
b27880d7,75fd2c01,2023-11-01T11:35:30.814+07:00,287.11,CREDIT,3e88b9f3
f6095b5b,215ce6bd,2023-03-24T02:03:24.790+07:00,402.67,CREDIT,a44f000c
edeba413,09bfee82,2024-02-19T06:59:22.878+07:00,18.51,CREDIT,666f6ba9
00020695,4aeaf516,2023-03-22T03:11:07.537+07:00,26.66,DEBIT,d32f5f25
458f92e3,172ee023,2024-07-17T05:34:59.932+07:00,324.82,CREDIT,a309543a
b980b2e6,a02c03e6,2023-06-18T17:04:57.390+07:00,42.69,DEBIT,da6c643d
c0996c27,6b7cf312,2024-02-27T01:49:55.370+07:00,221.7,CREDIT,5f237fd7
2e5d4d21,0f808f0e,2023-02-19T08:33:01.880+07:00,133.85,DEBIT,e9b973b7
998e0a45,ba429d95,2023-08-27T12:02:10.453+07:00,296.39,CREDIT,4a34dbe7
42cf51d9,0e2aa613,2024-02-19T12:50:30.621+07:00,152.27,CREDIT,ea15471e
4f3fe12b,215ce6bd,2024-03-03T05:30:46.856+07:00,89.7,DEBIT,a1b35095
d3547ecc,dab6ff24,2023-12-31T03:26:44.114+07:00,264.41,DEBIT,c0835974
7e0b5e3a,bbd420fb,2024-08-27T23:40:14.110+07:00,87.79,DEBIT,f810fe58
aa8ad150,3ab6c50f,2024-12-05T07:52:47.972+07:00,449.46,DEBIT,cee2da88
27ed138e,b714d8df,2024-10-30T20:41:30.078+07:00,454.76,CREDIT,e9b973b7
e2cadf59,b4cdd0c2,2024-12-13T17:04:36.251+07:00,30.54,DEBIT,29797128
9148fbc6,3320d93a,2023-10-09T01:33:08.166+07:00,77.83,CREDIT,b30db867
8deb4459,b5353851,2022-12-27T04:17:52.673+07:00,385.18,CREDIT,7a230df6
185dcdf2,e0e68124,2023-11-21T19:58:53.557+07:00,5.13,DEBIT,e9f725a2
aedf5d06,e045e3ba,2023-09-04T00:58:37.421+07:00,287.87,CREDIT,2c4123fb
46fab9d5,9efcedc5,2023-08-03T02:03:48.850+07:00,68.17,CREDIT,10d2aaf9
9513861d,4ca2a46b,2023-02-15T12:52:57.908+07:00,143.23,DEBIT,66a5fec6
1e9de97f,ebea35ad,2023-10-05T10:05:58.251+07:00,28.22,DEBIT,66020d54
007f1685,e2cc7f24,2024-07-11T11:52:15.833+07:00,306.11,CREDIT,666f6ba9
12282e51,6bac6579,2023-06-27T18:14:06.193+07:00,125.56,CREDIT,666f6ba9
8be0adb1,ba429d95,2024-10-14T17:20:28.304+07:00,217.32,CREDIT,d32f5f25
1a16623d,15287fdc,2024-08-06T21:02:59.156+07:00,379.13,CREDIT,9f3a5c1a
6b3f5ab1,c716b233,2024-06-22T12:18:39.949+07:00,106.69,CREDIT,8724f3ee
99e0c428,6b02b732,2023-08-31T18:41:27.645+07:00,341.86,DEBIT,2c4123fb
30ee97c0,5e987a10,2024-01-17T14:38:28.956+07:00,42.39,CREDIT,d32f5f25
19c54aa2,09bfee82,2024-08-28T20:34:26.285+07:00,273.84,CREDIT,2c1098d6
232ddcd3,9983a5a2,2023-09-19T19:29:50.640+07:00,60.9,CREDIT,844693ac
0ae0b127,cb0620b3,2024-02-13T05:29:11.612+07:00,477.34,CREDIT,66a5fec6
5a21934b,da3a79b2,2024-09-21T12:42:04.379+07:00,77.44,CREDIT,90ba1694
9c12d36d,efd2f050,2023-12-05T13:35:38.804+07:00,115.87,CREDIT,e9b973b7
180b30b0,e27bf7b3,2023-01-03T23:28:38.855+07:00,414.12,CREDIT,d16d28f7
cd26206c,a15b6b49,2024-05-06T22:05:27.990+07:00,380.67,DEBIT,2c1098d6
baf0e1c0,3e7b6a86,2023-09-09T12:02:42.614+07:00,425.63,DEBIT,86041576
cd6892f8,0f808f0e,2024-11-08T20:00:40.355+07:00,496.09,DEBIT,b30db867
88580805,d5598fe2,2024-10-17T14:20:54.840+07:00,100.94,DEBIT,66a5fec6
6a17edea,d0603040,2024-01-21T23:47:29.974+07:00,352.31,DEBIT,e68805f0
10d00dba,f927ced7,2023-07-18T08:34:28.128+07:00,201.1,DEBIT,90e33d75
dc0f8bfd,7d40453a,2022-12-20T04:51:12.221+07:00,341.37,CREDIT,7a230df6
7aebad46,0e2aa613,2023-10-14T04:06:12.576+07:00,308.4,DEBIT,24d53cba
6d6ae707,e5122086,2024-03-30T02:44:42.825+07:00,184.0,DEBIT,3e88b9f3
83f1130a,0e2aa613,2024-10-10T09:05:24.055+07:00,169.23,CREDIT,666f6ba9
00d04b36,8fac0de5,2023-12-05T15:41:48.134+07:00,290.51,DEBIT,3e88b9f3
4e71124b,172ee023,2023-04-28T22:28:31.138+07:00,395.3,CREDIT,d32f5f25
abec7642,bb40caef,2024-11-02T04:17:20.488+07:00,337.97,CREDIT,c0835974
42bc8627,b8e3bec2,2023-04-02T08:03:03.768+07:00,310.13,DEBIT,da6c643d
5bd73017,cfded30e,2024-09-23T15:07:29.679+07:00,321.33,CREDIT,91e65669
6732b9fb,f209c789,2024-01-06T21:44:48.329+07:00,68.39,CREDIT,b30db867
017bcf34,15287fdc,2024-04-05T04:12:29.468+07:00,353.61,CREDIT,fa2ce6cb
1971056d,863dd868,2024-05-08T16:59:13.248+07:00,13.15,CREDIT,24d53cba
25548885,8f3e41c8,2024-06-07T17:21:48.949+07:00,410.58,CREDIT,ea15471e
9094847a,7f5db412,2024-07-08T00:20:28.251+07:00,125.19,CREDIT,fa2ce6cb
fc24466d,a15b6b49,2023-01-13T15:12:16.636+07:00,229.67,CREDIT,24d53cba
832ff9c4,35a99d2e,2023-09-03T13:06:21.558+07:00,329.42,CREDIT,d32f5f25
17472b31,f209c789,2024-03-28T11:40:40.740+07:00,155.37,CREDIT,666f6ba9
768a1845,6ee70f96,2023-01-06T07:40:24.476+07:00,156.4,CREDIT,aca2ee9d
77f4fbe2,8a93f263,2022-12-28T05:14:32.270+07:00,261.83,DEBIT,90e33d75
61ada076,b69fbb70,2024-09-05T23:58:05.580+07:00,387.43,CREDIT,2c1098d6
96755757,e5122086,2024-10-06T06:15:16.498+07:00,377.23,CREDIT,5f237fd7
b2296e61,8177da3a,2024-11-27T05:14:31.711+07:00,68.36,CREDIT,29797128
add8faf5,41102d7a,2023-02-23T21:03:44.609+07:00,195.65,CREDIT,a44f000c
c53c80b7,55e39723,2024-08-09T04:20:21.809+07:00,355.31,DEBIT,da747605
d7fba52f,a15b6b49,2023-04-28T06:39:31.417+07:00,72.18,DEBIT,66020d54
52a28a48,ba429d95,2023-12-02T23:58:43.729+07:00,379.43,CREDIT,fa2ce6cb
8e093535,7e263c5b,2023-11-11T09:48:49.289+07:00,415.68,CREDIT,90ba1694
6c31ff93,75fd2c01,2024-04-11T08:35:19.194+07:00,260.72,DEBIT,a309543a
e7b395a3,34c70067,2023-06-21T18:29:58.917+07:00,335.47,CREDIT,d16d28f7
9979cfb1,4ea84515,2024-07-14T20:57:35.133+07:00,265.18,DEBIT,666f6ba9
a282544a,32fd32f2,2023-01-12T10:41:51.011+07:00,461.44,CREDIT,e9b973b7
1eba1020,da3a79b2,2024-10-22T02:00:02.473+07:00,186.81,DEBIT,aca2ee9d
43190d7a,ee698173,2023-02-17T04:44:48.593+07:00,275.54,DEBIT,bceaddae
8327b3c2,ed1bc63d,2024-01-12T19:10:45.092+07:00,286.71,DEBIT,66a5fec6
afd51934,c716b233,2024-10-01T17:48:29.101+07:00,147.27,DEBIT,2de2fb3d
cbcc0078,8378da82,2023-06-19T07:33:23.913+07:00,394.87,CREDIT,a44f000c
7ce14daa,cb0620b3,2024-07-08T09:39:08.593+07:00,469.85,DEBIT,86041576
d01a66d4,8cf86d63,2023-05-14T12:44:16.641+07:00,414.06,CREDIT,d32f5f25
09e87ed9,6ee70f96,2023-04-14T21:55:30.634+07:00,267.83,DEBIT,9f3a5c1a
2b0f3ad8,d721ff46,2023-10-31T00:23:13.862+07:00,278.4,DEBIT,fa2ce6cb
91771045,2f2c8cf0,2023-07-24T19:17:50.706+07:00,446.86,DEBIT,da6c643d
301630f3,32fd32f2,2023-12-17T08:31:36.302+07:00,53.25,CREDIT,10d2aaf9
a36a9029,4aeaf516,2023-12-25T05:55:00.395+07:00,366.74,CREDIT,2c1098d6
b39ae8c5,9e626087,2024-05-10T10:30:49.454+07:00,448.85,CREDIT,a309543a
03f4a13d,e7f7dd37,2024-05-06T02:24:54.926+07:00,167.78,CREDIT,2c1098d6
ba2031dd,b714d8df,2024-04-05T02:02:22.266+07:00,365.52,DEBIT,2c1098d6
8d728892,35a99d2e,2023-01-09T17:26:08.693+07:00,402.47,DEBIT,a44f000c
507f7ef0,adb72718,2023-07-18T13:34:14.399+07:00,162.99,DEBIT,91e65669
24498b7a,ef785919,2023-12-29T22:50:56.885+07:00,5.37,DEBIT,e9f725a2
a43e91c1,836804b4,2024-01-31T16:54:18.517+07:00,334.1,CREDIT,666f6ba9
5580d5b1,cfded30e,2024-10-10T02:22:49.526+07:00,204.92,DEBIT,24d53cba
d22ff317,f35c7234,2024-05-30T03:04:53.254+07:00,345.2,DEBIT,e9f725a2
917c18cc,8fac0de5,2023-05-19T23:28:45.839+07:00,490.87,CREDIT,91e65669
e3d2b9cd,9814829e,2024-02-18T20:57:17.885+07:00,352.28,DEBIT,4a34dbe7
1cb48231,d134f7ef,2023-10-30T09:15:56.632+07:00,76.94,CREDIT,e9f725a2
d6e0dc9d,9814829e,2023-09-23T10:16:39.461+07:00,495.91,DEBIT,c12929e6
d02f2baf,5198639a,2023-11-26T07:23:42.072+07:00,12.68,DEBIT,90e33d75
678de055,a15b6b49,2023-02-22T22:45:59.988+07:00,25.71,DEBIT,86041576
621db321,6ac3fdd1,2023-04-20T06:21:02.627+07:00,87.41,CREDIT,c12929e6
6d30c52d,e4b1c0b2,2024-07-21T04:48:50.290+07:00,370.96,DEBIT,cee2da88
31778d1b,00a572a7,2024-09-23T23:15:55.661+07:00,202.7,CREDIT,d16d28f7
0f162bfe,4ea84515,2023-12-11T05:19:20.936+07:00,393.23,DEBIT,aca2ee9d
fce95b11,00a572a7,2023-10-14T17:14:07.545+07:00,45.99,CREDIT,bceaddae
e5e927f9,8378da82,2023-01-12T10:01:40.819+07:00,212.14,CREDIT,aca2ee9d
f3e76b4d,6c885c73,2024-08-13T18:39:57.308+07:00,455.65,CREDIT,d32f5f25
36c7beee,ef785919,2023-11-15T19:42:03.019+07:00,68.19,CREDIT,ea15471e
48c0ee88,01022575,2024-12-15T23:49:08.137+07:00,269.69,DEBIT,e68805f0
6d5f308d,4ca2a46b,2024-04-28T23:42:07.273+07:00,308.05,CREDIT,d16d28f7
68fed003,63819e17,2023-03-26T15:02:47.971+07:00,259.53,DEBIT,da6c643d
c476503e,dbed9d2b,2023-04-26T04:35:38.642+07:00,463.46,DEBIT,da6c643d
4d780ab3,8a93f263,2023-10-31T17:01:56.115+07:00,128.61,DEBIT,91e65669
5e1da3a9,d134f7ef,2024-05-26T02:10:29.724+07:00,302.68,CREDIT,ec61d128
70f975bf,46f749bf,2024-06-29T03:28:14.124+07:00,107.34,DEBIT,ea15471e
a39cbc3f,3e7b6a86,2024-04-05T20:45:36.078+07:00,248.36,CREDIT,fa2e7c66
2225c712,8378da82,2024-10-15T06:13:12.335+07:00,214.83,DEBIT,fa2ce6cb
c11334fc,8034daa3,2024-10-19T19:48:04.841+07:00,297.87,CREDIT,666f6ba9
4be6a61d,a02c03e6,2023-06-02T19:11:29.109+07:00,165.31,CREDIT,4a34dbe7
959acca1,3413b48b,2023-05-14T05:30:28.383+07:00,271.04,DEBIT,d16d28f7
3c93222f,9814829e,2024-08-13T02:57:48.831+07:00,268.05,CREDIT,cee2da88
2f88b2f1,ebea35ad,2024-05-28T12:49:28.792+07:00,143.14,DEBIT,a309543a
910d3710,d119d5c6,2024-07-25T19:46:18.021+07:00,470.56,CREDIT,7615700f
20d2437d,4aeaf516,2024-06-22T05:43:44.967+07:00,177.83,DEBIT,da747605
06758605,6ac3fdd1,2024-03-28T06:52:27.683+07:00,363.59,CREDIT,472abbc8
1246c912,2952e248,2024-08-21T06:50:06.461+07:00,454.97,CREDIT,4a34dbe7
384c784d,c5935daa,2024-09-25T05:14:25.771+07:00,404.68,CREDIT,a309543a
1ebff218,15287fdc,2023-08-08T02:16:20.273+07:00,437.18,CREDIT,3017740f
7ac63ac3,e27bf7b3,2024-02-23T08:04:31.925+07:00,215.15,DEBIT,fa2ce6cb
465116d8,a15b6b49,2024-09-06T10:17:19.319+07:00,339.6,DEBIT,fa2ce6cb
e1dfc2f6,ae973d2f,2023-08-01T00:19:21.770+07:00,95.45,CREDIT,3017740f
3e27ea5d,6ee70f96,2024-09-11T17:51:27.305+07:00,251.48,DEBIT,e9b973b7
2c1f7f34,9983a5a2,2024-10-31T08:31:34.140+07:00,22.67,DEBIT,aca2ee9d
77b51389,b1e599ac,2023-04-07T12:53:04.960+07:00,124.75,DEBIT,4a34dbe7
9982897a,bbd420fb,2024-03-12T16:40:32.388+07:00,283.65,CREDIT,5f237fd7
bec554fb,641fe64b,2024-03-20T14:24:50.995+07:00,346.97,DEBIT,cee2da88
b23e3f25,d5598fe2,2024-07-12T10:54:43.120+07:00,480.82,CREDIT,2de2fb3d
7be09546,01022575,2024-09-13T20:22:51.899+07:00,440.48,CREDIT,2c1098d6
cd8480ee,6ac3fdd1,2023-11-02T08:08:05.583+07:00,246.68,CREDIT,472abbc8
4efa6467,53ebba78,2023-08-27T03:54:02.736+07:00,311.14,CREDIT,10d2aaf9
1d504100,d38d00cf,2023-01-09T05:34:21.196+07:00,57.55,CREDIT,9f3a5c1a
fa9b5ead,4b69e51a,2023-07-30T19:21:31.640+07:00,389.37,CREDIT,86041576
a63e7705,0e2aa613,2024-09-16T00:00:58.294+07:00,38.58,CREDIT,66a5fec6
d96a6fc3,efd2f050,2023-12-01T17:21:32.808+07:00,361.61,CREDIT,a1b35095
68f0b563,6242b7fa,2024-10-02T05:26:16.923+07:00,15.6,CREDIT,21563bba
378f989f,3ab6c50f,2024-08-13T08:28:03.350+07:00,369.08,DEBIT,bceaddae
6d3291dd,9f271a30,2024-06-20T06:26:29.247+07:00,361.05,CREDIT,aca2ee9d
0ce688bb,63819e17,2023-10-04T19:42:05.070+07:00,82.36,CREDIT,848c66f3
caa6c7f6,cfded30e,2024-05-14T22:35:30.016+07:00,248.32,DEBIT,7a230df6
dc1cbe13,215ce6bd,2023-04-16T15:29:07.814+07:00,184.25,CREDIT,5f237fd7
28bf455a,200cac66,2023-07-20T01:31:20.284+07:00,422.24,DEBIT,bceaddae
0746fa7b,efd2f050,2023-05-04T05:27:13.096+07:00,235.69,CREDIT,9f3a5c1a
cd3ef5d1,7f5db412,2024-10-14T21:35:24.762+07:00,292.52,DEBIT,2de2fb3d
8667f8af,efd2f050,2024-10-25T01:46:52.523+07:00,451.72,CREDIT,472abbc8
3e36ca4d,6a290284,2023-07-03T01:38:10.250+07:00,333.01,DEBIT,90ba1694
2b3477ce,6b02b732,2024-07-26T05:33:03.943+07:00,477.55,CREDIT,e9f725a2
9ee2d1b0,83e43264,2023-08-16T21:07:09.302+07:00,437.11,CREDIT,009a6b1f
a74ccbc2,f35c7234,2023-03-07T06:03:45.181+07:00,44.7,CREDIT,2c4123fb
caa5c0f6,bbd420fb,2023-10-19T13:47:43.618+07:00,244.91,CREDIT,c0835974
10fdf374,a7e3e832,2023-12-07T10:50:21.601+07:00,43.96,CREDIT,aca2ee9d
fb266b35,f108202c,2023-01-27T14:00:53.658+07:00,348.22,CREDIT,7a230df6
9c7b158b,7e211b04,2023-12-03T16:03:37.232+07:00,287.8,CREDIT,9f3a5c1a
dd1f7860,a15b6b49,2024-10-31T22:30:14.595+07:00,257.02,DEBIT,848c66f3
610b4f4f,ed1bc63d,2023-12-16T09:34:37.348+07:00,186.47,DEBIT,472abbc8
868e105e,8a93f263,2023-02-02T21:50:17.950+07:00,83.56,CREDIT,7615700f
57ff6720,d1a0e71c,2024-11-07T06:35:18.562+07:00,468.86,CREDIT,86041576
b6007338,172ee023,2024-11-23T00:21:01.293+07:00,117.05,CREDIT,472abbc8
cc2618cb,3413b48b,2024-06-14T20:01:08.742+07:00,239.9,DEBIT,bceaddae
3e4f8278,9e626087,2023-06-18T08:46:49.228+07:00,396.59,CREDIT,29797128
e2dd847e,200cac66,2024-11-01T01:52:55.979+07:00,287.06,CREDIT,66020d54
75314048,13345f91,2023-12-14T09:40:40.358+07:00,335.88,CREDIT,86041576
f7c9cf2a,ee23586d,2024-06-01T05:56:01.495+07:00,63.48,DEBIT,29797128
d7a192f6,ed1bc63d,2024-02-03T00:31:15.000+07:00,11.62,CREDIT,2c1098d6
4b32a9b2,d6451756,2023-12-28T04:46:05.626+07:00,382.48,CREDIT,da6c643d
72470943,986ecd10,2023-10-16T13:41:46.867+07:00,459.34,DEBIT,aca2ee9d
6928089e,53ebba78,2023-12-29T05:46:16.746+07:00,122.24,DEBIT,91e65669
1d82d38e,5d5e3fd8,2024-10-11T19:22:36.615+07:00,387.71,DEBIT,8724f3ee
6a06a5f9,c5935daa,2024-02-02T08:25:08.122+07:00,215.48,DEBIT,2de2fb3d
1ad71ff7,f108202c,2024-01-19T05:31:48.231+07:00,369.63,DEBIT,29797128
bd977f35,ed1bc63d,2024-11-21T21:30:19.131+07:00,305.34,CREDIT,a44f000c
e3e93a5f,6b7cf312,2024-10-02T01:08:02.444+07:00,184.32,DEBIT,f810fe58
6d7ef3bc,e045e3ba,2022-12-18T18:39:27.062+07:00,271.18,DEBIT,10d2aaf9
2c55ecad,dab6ff24,2024-01-01T16:05:53.630+07:00,296.12,CREDIT,848c66f3
c613197e,bbd420fb,2024-08-19T06:32:47.489+07:00,41.22,CREDIT,ea15471e
81245284,f209c789,2023-11-04T20:11:52.479+07:00,431.91,DEBIT,bceaddae
3eb09aff,9e626087,2023-02-17T03:41:04.698+07:00,495.84,CREDIT,65e24620
99bf4a83,6ee70f96,2024-03-03T17:11:35.302+07:00,93.26,DEBIT,65e24620
400aa684,2952e248,2023-06-19T05:17:15.877+07:00,462.92,DEBIT,c12929e6
a2704ba2,7f5db412,2024-10-04T15:48:50.858+07:00,43.83,DEBIT,472abbc8
21e44297,6bac6579,2023-06-17T11:57:42.443+07:00,272.68,DEBIT,65e24620
63c796ed,863dd868,2023-12-04T19:45:35.980+07:00,223.32,CREDIT,844693ac
2591ccc1,d5598fe2,2023-07-11T06:42:23.009+07:00,358.96,DEBIT,2c1098d6
69385e67,7e263c5b,2024-09-05T19:35:06.658+07:00,57.95,DEBIT,a44f000c
18966d04,75fd2c01,2024-01-16T04:22:45.346+07:00,331.76,CREDIT,da6c643d
2d452e8e,ba429d95,2024-03-24T23:53:21.845+07:00,310.32,CREDIT,90ba1694
321b441b,c5a13fca,2023-05-02T00:15:00.546+07:00,122.89,CREDIT,bceaddae
1f3f43ba,44790e67,2023-02-07T22:17:09.780+07:00,365.62,DEBIT,3e88b9f3
53edcc7c,4ca2a46b,2024-09-30T08:01:01.033+07:00,91.81,DEBIT,29797128
62e2ed9a,ee698173,2023-03-01T07:24:48.826+07:00,148.94,DEBIT,da747605
ce168159,d5598fe2,2023-01-14T18:06:05.103+07:00,244.97,CREDIT,86041576
8b378480,2952e248,2024-06-19T12:35:44.721+07:00,226.9,DEBIT,21563bba
c1cb75bb,d6451756,2023-03-22T16:40:46.799+07:00,390.23,CREDIT,7615700f
789e9c5a,d721ff46,2023-09-29T01:10:34.398+07:00,402.04,CREDIT,2c4123fb
9d240953,99a94e4f,2023-10-26T23:53:13.184+07:00,445.14,DEBIT,da6c643d
4452b058,762678c1,2024-04-06T22:10:15.772+07:00,380.26,DEBIT,3e88b9f3
fefe474d,b69fbb70,2024-03-04T21:44:54.618+07:00,23.09,CREDIT,90ba1694
9e066349,3413b48b,2023-02-07T23:30:26.559+07:00,324.46,CREDIT,65e24620
cd5f167f,1d2124a5,2024-08-17T13:20:58.591+07:00,143.16,DEBIT,9f3a5c1a
3c068d7c,8177da3a,2023-03-04T05:59:40.554+07:00,83.39,DEBIT,2c4123fb
8781ebfe,5198639a,2023-10-26T12:52:59.902+07:00,90.55,DEBIT,844693ac
53e4e3f4,a15b6b49,2024-04-18T16:27:55.549+07:00,159.7,DEBIT,7615700f
995dc37a,ef785919,2024-07-07T00:31:55.319+07:00,433.35,CREDIT,4a34dbe7
6056f521,ee698173,2023-05-14T13:28:49.073+07:00,28.04,DEBIT,e9b973b7
9b6c6740,d5598fe2,2024-04-06T12:48:56.876+07:00,175.43,DEBIT,10d2aaf9
523531da,abbc74a5,2023-11-17T20:34:57.558+07:00,380.15,DEBIT,d32f5f25
b7321a92,8378da82,2024-01-25T17:53:29.376+07:00,300.54,DEBIT,009a6b1f
f077d67f,cfded30e,2023-12-09T05:10:37.620+07:00,80.8,DEBIT,90ba1694
4235332a,a7e3e832,2024-02-02T15:15:34.574+07:00,45.6,DEBIT,f810fe58
047b76e4,472dc831,2023-04-17T10:22:15.684+07:00,33.64,DEBIT,7a230df6
275742a6,46f749bf,2023-09-29T19:55:16.222+07:00,42.59,CREDIT,2c1098d6
4e86365e,c716b233,2024-12-13T08:42:04.421+07:00,427.18,CREDIT,848c66f3
34c05ccb,adb72718,2024-04-23T06:21:43.509+07:00,153.97,CREDIT,fa2e7c66
f2a737a3,4aeaf516,2024-05-09T03:00:59.055+07:00,469.87,CREDIT,8724f3ee
daac5aae,8f3e41c8,2023-07-26T22:04:49.854+07:00,256.78,DEBIT,65e24620
b4a75fae,9e626087,2024-07-21T01:29:23.613+07:00,61.43,DEBIT,844693ac
cf00c89a,bb40caef,2023-08-02T11:22:17.235+07:00,111.86,CREDIT,2de2fb3d
5a4f46d1,3ab6c50f,2023-08-20T14:50:07.607+07:00,94.26,DEBIT,10d2aaf9
8a56ac62,c55d411f,2024-05-27T11:59:46.742+07:00,31.36,CREDIT,7615700f
32ce77a7,32fd32f2,2023-12-29T01:43:12.581+07:00,122.66,CREDIT,e9f725a2
9f5f746c,10001ef5,2024-01-23T15:31:45.610+07:00,269.46,DEBIT,e9f725a2
2dae10e4,a2d122e7,2024-03-04T16:04:41.045+07:00,273.47,CREDIT,90e33d75
b3690508,986ecd10,2024-05-07T11:33:16.662+07:00,177.28,DEBIT,7a230df6
e588d5a0,172ee023,2024-03-10T08:39:23.238+07:00,81.72,DEBIT,24d53cba
0376326f,3320d93a,2023-07-15T06:15:10.681+07:00,242.86,DEBIT,009a6b1f
2651a32b,ed1bc63d,2023-02-09T05:20:38.857+07:00,307.72,DEBIT,fa2ce6cb
744fe932,cff04cf0,2023-09-12T11:19:24.434+07:00,55.85,DEBIT,2c4123fb
46cbb368,4574f371,2023-09-22T21:07:58.694+07:00,165.69,DEBIT,c0835974
7e07afbe,6bac6579,2024-08-23T16:39:20.173+07:00,467.07,CREDIT,3017740f
19cb3eac,8a93f263,2024-09-07T13:36:02.080+07:00,68.84,DEBIT,e68805f0
f478c448,c5a13fca,2024-11-09T03:47:31.510+07:00,90.81,CREDIT,cee2da88
0a8a97e9,9983a5a2,2024-07-25T07:37:49.038+07:00,29.64,DEBIT,ea15471e
09e410e5,e05ad7ee,2024-09-05T12:36:04.576+07:00,217.53,CREDIT,a309543a
6c258157,2a99b3e9,2023-09-19T22:12:21.080+07:00,265.77,DEBIT,7a230df6
4845f63d,bb0edd72,2024-08-20T09:55:43.521+07:00,335.95,CREDIT,d32f5f25
0a0742eb,2952e248,2023-09-01T01:26:17.908+07:00,13.8,DEBIT,ec61d128
58e61b5a,99a94e4f,2024-08-12T16:55:06.350+07:00,364.92,DEBIT,da747605
b8ccb9e7,86e6b20a,2024-08-10T05:41:18.037+07:00,45.56,CREDIT,fa2ce6cb
e7d01b4a,bbd420fb,2024-09-23T10:14:28.645+07:00,384.95,DEBIT,3e88b9f3
e9ae65f5,35a99d2e,2023-11-04T19:22:59.434+07:00,481.31,DEBIT,da6c643d
d0dd4135,a15b6b49,2024-09-20T20:00:18.715+07:00,370.36,CREDIT,0351f38d
a4edc989,99a94e4f,2024-03-17T14:02:26.396+07:00,198.42,CREDIT,472abbc8
5caa9d98,b760fd4d,2023-02-25T06:52:38.235+07:00,468.52,DEBIT,0351f38d
358fa7a9,15287fdc,2024-09-20T09:51:03.670+07:00,29.37,DEBIT,666f6ba9
c99c74e4,cbbbc638,2023-11-07T12:36:54.508+07:00,73.77,CREDIT,5f237fd7
b94e5d3d,adb72718,2024-12-04T19:06:29.501+07:00,434.74,CREDIT,90e33d75
07be3439,2f7a2393,2023-08-25T03:44:37.651+07:00,337.64,CREDIT,009a6b1f
d7d92ef0,8177da3a,2024-03-10T11:48:09.545+07:00,33.34,DEBIT,3017740f
9d282eb9,a2d122e7,2023-05-08T10:19:51.253+07:00,238.59,CREDIT,7a230df6
53b41139,472dc831,2023-11-20T06:56:09.964+07:00,49.33,DEBIT,bceaddae
9d666728,5e987a10,2023-04-02T14:36:28.658+07:00,271.24,DEBIT,e9f725a2
7ca94a47,c55d411f,2023-03-15T01:02:12.690+07:00,454.54,DEBIT,ea15471e
1b5e1d84,a2d122e7,2024-12-04T09:05:13.912+07:00,8.03,CREDIT,e68805f0
cba4598d,863dd868,2024-10-18T17:21:31.302+07:00,212.32,DEBIT,8724f3ee
120cb49f,ebea35ad,2023-10-11T07:12:27.054+07:00,35.67,DEBIT,5f237fd7
763000ac,55e39723,2024-03-30T00:05:52.937+07:00,415.73,CREDIT,5f237fd7
87e877c5,7f5db412,2024-07-02T16:35:42.327+07:00,56.97,CREDIT,da6c643d
05ed1759,986ecd10,2024-08-04T18:33:24.808+07:00,237.54,CREDIT,4a34dbe7
a6881212,3bbc5650,2023-01-23T05:30:14.681+07:00,249.09,DEBIT,f810fe58
df464591,1d2124a5,2023-03-02T10:06:45.329+07:00,56.1,DEBIT,5f237fd7
a1740fbe,6b7cf312,2023-04-18T12:46:23.871+07:00,474.66,CREDIT,ec61d128
74042977,a02c03e6,2023-05-29T05:41:08.437+07:00,280.51,CREDIT,fa2ce6cb
040a15c7,b714d8df,2023-05-19T07:21:15.592+07:00,397.93,DEBIT,7615700f
01f64c30,f35c7234,2023-01-21T07:42:01.939+07:00,439.46,CREDIT,9f3a5c1a
bbfb1cea,3413b48b,2024-11-03T00:56:12.202+07:00,477.82,DEBIT,da747605
6fbab8a7,32fd32f2,2024-06-25T21:32:15.416+07:00,195.43,CREDIT,d16d28f7
f48475b0,ee23586d,2023-03-27T05:27:47.656+07:00,296.14,CREDIT,e68805f0
85ab89b2,e0e68124,2024-07-03T15:15:35.874+07:00,373.44,CREDIT,91e65669
2891fddf,d1a0e71c,2023-07-06T05:13:11.823+07:00,47.16,CREDIT,e9f725a2
630797eb,adb72718,2024-03-14T16:27:17.661+07:00,348.56,DEBIT,10d2aaf9
585f30a1,10001ef5,2023-04-20T21:45:45.381+07:00,223.1,DEBIT,f810fe58
231543c2,b8569866,2024-11-21T07:14:49.522+07:00,323.11,DEBIT,c0835974
6ea15cd8,c5a13fca,2024-09-14T00:47:11.648+07:00,96.88,DEBIT,b30db867
acdc1f70,d134f7ef,2024-09-13T23:00:21.168+07:00,373.85,DEBIT,d32f5f25
3dd01fe4,0f808f0e,2023-01-16T14:34:16.510+07:00,299.54,DEBIT,da747605
1ed7579a,adb72718,2023-06-24T07:11:54.722+07:00,201.74,DEBIT,009a6b1f
688a9b3a,cbbbc638,2023-09-18T09:51:46.322+07:00,34.79,DEBIT,7615700f
d1719e7b,863dd868,2024-07-03T18:35:01.155+07:00,172.06,DEBIT,a1b35095
044cbf17,641fe64b,2024-10-22T21:08:02.931+07:00,168.93,DEBIT,5f237fd7
11f8b705,53ebba78,2024-09-22T03:09:08.254+07:00,368.88,DEBIT,a309543a
b9ea4d9b,13345f91,2024-02-08T09:19:34.086+07:00,450.59,DEBIT,91e65669
754c9b61,e5122086,2023-05-06T13:22:37.275+07:00,44.67,DEBIT,fa2e7c66
